timestamp,symbol,p_raw,p_cal,horizon_bars,target_qty
1998-10-28 09:30:00+00:00,BBY,0.5060753092057114,0.5060753092057114,20,0.0
1998-10-28 09:31:00+00:00,BBY,0.5060753092057114,0.5060753092057114,20,0.0
1998-10-28 09:33:00+00:00,BBY,0.5060753092057114,0.5060753092057114,20,0.0
1998-10-28 09:34:00+00:00,BBY,0.5060753092057114,0.5060753092057114,20,0.0
1998-10-28 09:35:00+00:00,BBY,0.5067561414826569,0.5067561414826569,20,0.0
1998-10-28 09:36:00+00:00,BBY,0.5108180943702934,0.5108180943702934,20,0.0
1998-10-28 09:37:00+00:00,BBY,0.5320955835456594,0.5320955835456594,20,0.0
1998-10-28 09:38:00+00:00,BBY,0.5330868320590515,0.5330868320590515,20,0.0
1998-10-28 09:39:00+00:00,BBY,0.5111328782817764,0.5111328782817764,20,0.0
1998-10-28 09:40:00+00:00,BBY,0.5097513876377783,0.5097513876377783,20,0.0
1998-10-28 09:41:00+00:00,BBY,0.5068210801449056,0.5068210801449056,20,0.0
1998-10-28 09:42:00+00:00,BBY,0.5067512426707494,0.5067512426707494,20,0.0
1998-10-28 09:43:00+00:00,BBY,0.4600649123506384,0.4600649123506384,20,0.0
1998-10-28 09:44:00+00:00,BBY,0.46178351704744947,0.46178351704744947,20,0.0
1998-10-28 09:45:00+00:00,BBY,0.45487874323178074,0.45487874323178074,20,0.0
1998-10-28 09:46:00+00:00,BBY,0.4457576395913002,0.4457576395913002,20,0.0
1998-10-28 09:47:00+00:00,BBY,0.4420341876221161,0.4420341876221161,20,0.0
1998-10-28 09:48:00+00:00,BBY,0.4424996424055195,0.4424996424055195,20,0.0
1998-10-28 09:49:00+00:00,BBY,0.44433733395545644,0.44433733395545644,20,0.0
1998-10-28 09:50:00+00:00,BBY,0.4744098497455441,0.4744098497455441,20,0.0
1998-10-28 09:51:00+00:00,BBY,0.48372253170455415,0.48372253170455415,20,0.0
1998-10-28 09:52:00+00:00,BBY,0.4833808212034948,0.4833808212034948,20,0.0
1998-10-28 09:53:00+00:00,BBY,0.48339503859139427,0.48339503859139427,20,0.0
1998-10-28 09:54:00+00:00,BBY,0.4732686201783362,0.4732686201783362,20,0.0
1998-10-28 09:55:00+00:00,BBY,0.4651908425145173,0.4651908425145173,20,0.0
1998-10-28 09:56:00+00:00,BBY,0.5287259579450828,0.5287259579450828,20,0.0
1998-10-28 09:57:00+00:00,BBY,0.5305388922534541,0.5305388922534541,20,0.0
1998-10-28 09:58:00+00:00,BBY,0.5297018824500686,0.5297018824500686,20,0.0
1998-10-28 09:59:00+00:00,BBY,0.5293069528843112,0.5293069528843112,20,0.0
1998-10-28 10:00:00+00:00,BBY,0.4833340633209798,0.4833340633209798,20,0.0
1998-10-28 10:01:00+00:00,BBY,0.4739317293765258,0.4739317293765258,20,0.0
1998-10-28 10:02:00+00:00,BBY,0.4826735056676456,0.4826735056676456,20,0.0
1998-10-28 10:03:00+00:00,BBY,0.5151062541324031,0.5151062541324031,20,0.0
1998-10-28 10:04:00+00:00,BBY,0.46407035414814374,0.46407035414814374,20,0.0
1998-10-28 10:05:00+00:00,BBY,0.47018907515426156,0.47018907515426156,20,0.0
1998-10-28 10:06:00+00:00,BBY,0.470217937557859,0.470217937557859,20,0.0
1998-10-28 10:07:00+00:00,BBY,0.4620183700976076,0.4620183700976076,20,0.0
1998-10-28 10:08:00+00:00,BBY,0.4610019712456593,0.4610019712456593,20,0.0
1998-10-28 10:10:00+00:00,BBY,0.4658703058636362,0.4658703058636362,20,0.0
1998-10-28 10:11:00+00:00,BBY,0.4683927218513837,0.4683927218513837,20,0.0
1998-10-28 10:12:00+00:00,BBY,0.4623735961815428,0.4623735961815428,20,0.0
1998-10-28 10:14:00+00:00,BBY,0.46216829702898177,0.46216829702898177,20,0.0
1998-10-28 10:15:00+00:00,BBY,0.48131677306273696,0.48131677306273696,20,0.0
1998-10-28 10:16:00+00:00,BBY,0.526662053885532,0.526662053885532,20,0.0
1998-10-28 10:18:00+00:00,BBY,0.4807793075159784,0.4807793075159784,20,0.0
1998-10-28 10:19:00+00:00,BBY,0.5378493762082086,0.5378493762082086,20,0.0
1998-10-28 10:20:00+00:00,BBY,0.5377419338793878,0.5377419338793878,20,0.0
1998-10-28 10:21:00+00:00,BBY,0.48142335113717094,0.48142335113717094,20,0.0
1998-10-28 10:22:00+00:00,BBY,0.47756813612299825,0.47756813612299825,20,0.0
1998-10-28 10:24:00+00:00,BBY,0.46767696704927403,0.46767696704927403,20,0.0
1998-10-28 10:25:00+00:00,BBY,0.48015332120893084,0.48015332120893084,20,0.0
1998-10-28 10:26:00+00:00,BBY,0.47641664302457004,0.47641664302457004,20,0.0
1998-10-28 10:28:00+00:00,BBY,0.47909175832083273,0.47909175832083273,20,0.0
1998-10-28 10:29:00+00:00,BBY,0.4793852887313974,0.4793852887313974,20,0.0
1998-10-28 10:30:00+00:00,BBY,0.47359042731086004,0.47359042731086004,20,0.0
1998-10-28 10:31:00+00:00,BBY,0.4712833208594674,0.4712833208594674,20,0.0
1998-10-28 10:32:00+00:00,BBY,0.5129776644847736,0.5129776644847736,20,0.0
1998-10-28 10:33:00+00:00,BBY,0.5218908665870727,0.5218908665870727,20,0.0
1998-10-28 10:35:00+00:00,BBY,0.4782307439853328,0.4782307439853328,20,0.0
1998-10-28 10:36:00+00:00,BBY,0.5124655925198184,0.5124655925198184,20,0.0
1998-10-28 10:37:00+00:00,BBY,0.4804811739909582,0.4804811739909582,20,0.0
1998-10-28 10:40:00+00:00,BBY,0.47435626190091507,0.47435626190091507,20,0.0
1998-10-28 10:41:00+00:00,BBY,0.4817911353332325,0.4817911353332325,20,0.0
1998-10-28 10:42:00+00:00,BBY,0.47073791455221764,0.47073791455221764,20,0.0
1998-10-28 10:43:00+00:00,BBY,0.46986623453067067,0.46986623453067067,20,0.0
1998-10-28 10:44:00+00:00,BBY,0.48014802524940925,0.48014802524940925,20,0.0
1998-10-28 10:45:00+00:00,BBY,0.46192524655979716,0.46192524655979716,20,0.0
1998-10-28 10:46:00+00:00,BBY,0.4712888236639926,0.4712888236639926,20,0.0
1998-10-28 10:47:00+00:00,BBY,0.47295499415010256,0.47295499415010256,20,0.0
1998-10-28 10:50:00+00:00,BBY,0.47564735661594776,0.47564735661594776,20,0.0
1998-10-28 10:51:00+00:00,BBY,0.4777691690742291,0.4777691690742291,20,0.0
1998-10-28 10:52:00+00:00,BBY,0.4803950684938037,0.4803950684938037,20,0.0
1998-10-28 10:53:00+00:00,BBY,0.4794634449223018,0.4794634449223018,20,0.0
1998-10-28 10:54:00+00:00,BBY,0.4756417383245831,0.4756417383245831,20,0.0
1998-10-28 10:55:00+00:00,BBY,0.4944818957268036,0.4944818957268036,20,0.0
1998-10-28 10:57:00+00:00,BBY,0.4938555434154813,0.4938555434154813,20,0.0
1998-10-28 10:58:00+00:00,BBY,0.50316981173444,0.50316981173444,20,0.0
1998-10-28 10:59:00+00:00,BBY,0.4927449644135685,0.4927449644135685,20,0.0
1998-10-28 11:00:00+00:00,BBY,0.49279954326077435,0.49279954326077435,20,0.0
1998-10-28 11:01:00+00:00,BBY,0.4841218048059281,0.4841218048059281,20,0.0
1998-10-28 11:02:00+00:00,BBY,0.4587881009609824,0.4587881009609824,20,0.0
1998-10-28 11:06:00+00:00,BBY,0.4851064306193038,0.4851064306193038,20,0.0
1998-10-28 11:10:00+00:00,BBY,0.46320616673157544,0.46320616673157544,20,0.0
1998-10-28 11:11:00+00:00,BBY,0.5155117583939333,0.5155117583939333,20,0.0
1998-10-28 11:12:00+00:00,BBY,0.4654540594636033,0.4654540594636033,20,0.0
1998-10-28 11:13:00+00:00,BBY,0.48217472853177445,0.48217472853177445,20,0.0
1998-10-28 11:16:00+00:00,BBY,0.4669205858958761,0.4669205858958761,20,0.0
1998-10-28 11:19:00+00:00,BBY,0.48191896877741697,0.48191896877741697,20,0.0
1998-10-28 11:20:00+00:00,BBY,0.48204229573436097,0.48204229573436097,20,0.0
1998-10-28 11:21:00+00:00,BBY,0.5093385508789222,0.5093385508789222,20,0.0
1998-10-28 11:23:00+00:00,BBY,0.5143963592246568,0.5143963592246568,20,0.0
1998-10-28 11:24:00+00:00,BBY,0.5162276132603105,0.5162276132603105,20,0.0
1998-10-28 11:25:00+00:00,BBY,0.5288997620727467,0.5288997620727467,20,0.0
1998-10-28 11:26:00+00:00,BBY,0.4755188188299442,0.4755188188299442,20,0.0
1998-10-28 11:29:00+00:00,BBY,0.528966014769717,0.528966014769717,20,0.0
1998-10-28 11:30:00+00:00,BBY,0.5069227566387975,0.5069227566387975,20,0.0
1998-10-28 11:31:00+00:00,BBY,0.5106111298675866,0.5106111298675866,20,0.0
1998-10-28 11:32:00+00:00,BBY,0.5128203529939451,0.5128203529939451,20,0.0
1998-10-28 11:34:00+00:00,BBY,0.512737086899107,0.512737086899107,20,0.0
1998-10-28 11:35:00+00:00,BBY,0.5123754032995378,0.5123754032995378,20,0.0
1998-10-28 11:36:00+00:00,BBY,0.530759831717367,0.530759831717367,20,0.0
1998-10-28 11:38:00+00:00,BBY,0.5035270264351027,0.5035270264351027,20,0.0
1998-10-28 11:39:00+00:00,BBY,0.5034877095939227,0.5034877095939227,20,0.0
1998-10-28 11:40:00+00:00,BBY,0.5035524237196819,0.5035524237196819,20,0.0
1998-10-28 11:43:00+00:00,BBY,0.5033894916795343,0.5033894916795343,20,0.0
1998-10-28 11:44:00+00:00,BBY,0.5040180243465429,0.5040180243465429,20,0.0
1998-10-28 11:45:00+00:00,BBY,0.5038597949874313,0.5038597949874313,20,0.0
1998-10-28 11:46:00+00:00,BBY,0.5121057863776539,0.5121057863776539,20,0.0
1998-10-28 11:47:00+00:00,BBY,0.5101903844041707,0.5101903844041707,20,0.0
1998-10-28 11:48:00+00:00,BBY,0.5068566646732132,0.5068566646732132,20,0.0
1998-10-28 11:50:00+00:00,BBY,0.50664570718976,0.50664570718976,20,0.0
1998-10-28 11:55:00+00:00,BBY,0.5066938123205013,0.5066938123205013,20,0.0
1998-10-28 11:57:00+00:00,BBY,0.5091444943539174,0.5091444943539174,20,0.0
1998-10-28 11:58:00+00:00,BBY,0.509098104695885,0.509098104695885,20,0.0
1998-10-28 11:59:00+00:00,BBY,0.49446071030456173,0.49446071030456173,20,0.0
1998-10-28 12:01:00+00:00,BBY,0.5130044813178641,0.5130044813178641,20,0.0
1998-10-28 12:02:00+00:00,BBY,0.4916082940102754,0.4916082940102754,20,0.0
1998-10-28 12:07:00+00:00,BBY,0.5112594334997018,0.5112594334997018,20,0.0
1998-10-28 12:11:00+00:00,BBY,0.46690612052146846,0.46690612052146846,20,0.0
1998-10-28 12:15:00+00:00,BBY,0.4910089768800664,0.4910089768800664,20,0.0
1998-10-28 12:20:00+00:00,BBY,0.4912714346332844,0.4912714346332844,20,0.0
1998-10-28 12:21:00+00:00,BBY,0.49457344790872587,0.49457344790872587,20,0.0
1998-10-28 12:22:00+00:00,BBY,0.4757592328717761,0.4757592328717761,20,0.0
1998-10-28 12:26:00+00:00,BBY,0.47993449570534563,0.47993449570534563,20,0.0
1998-10-28 12:28:00+00:00,BBY,0.47896717476235523,0.47896717476235523,20,0.0
1998-10-28 12:31:00+00:00,BBY,0.47723966345529867,0.47723966345529867,20,0.0
1998-10-28 12:32:00+00:00,BBY,0.47174738071367117,0.47174738071367117,20,0.0
1998-10-28 12:34:00+00:00,BBY,0.47729636655920576,0.47729636655920576,20,0.0
1998-10-28 12:37:00+00:00,BBY,0.48103218322032415,0.48103218322032415,20,0.0
1998-10-28 12:38:00+00:00,BBY,0.4813982247183681,0.4813982247183681,20,0.0
1998-10-28 12:41:00+00:00,BBY,0.4908446497188093,0.4908446497188093,20,0.0
1998-10-28 12:42:00+00:00,BBY,0.5116939691572252,0.5116939691572252,20,0.0
1998-10-28 12:44:00+00:00,BBY,0.48812977391634343,0.48812977391634343,20,0.0
1998-10-28 12:45:00+00:00,BBY,0.47929046038365375,0.47929046038365375,20,0.0
1998-10-28 12:47:00+00:00,BBY,0.47545718665469605,0.47545718665469605,20,0.0
1998-10-28 12:50:00+00:00,BBY,0.476459025170536,0.476459025170536,20,0.0
1998-10-28 12:51:00+00:00,BBY,0.4740188963252,0.4740188963252,20,0.0
1998-10-28 12:52:00+00:00,BBY,0.47007996645866984,0.47007996645866984,20,0.0
1998-10-28 12:55:00+00:00,BBY,0.47254813471973345,0.47254813471973345,20,0.0
1998-10-28 12:56:00+00:00,BBY,0.4689102380393324,0.4689102380393324,20,0.0
1998-10-28 12:58:00+00:00,BBY,0.46812506812337606,0.46812506812337606,20,0.0
1998-10-28 12:59:00+00:00,BBY,0.46434736279184696,0.46434736279184696,20,0.0
1998-10-28 13:00:00+00:00,BBY,0.4651326064905178,0.4651326064905178,20,0.0
1998-10-28 13:01:00+00:00,BBY,0.4729466381982127,0.4729466381982127,20,0.0
1998-10-28 13:02:00+00:00,BBY,0.4772732443116546,0.4772732443116546,20,0.0
1998-10-28 13:03:00+00:00,BBY,0.4742161490070396,0.4742161490070396,20,0.0
1998-10-28 13:04:00+00:00,BBY,0.4797810456662166,0.4797810456662166,20,0.0
1998-10-28 13:05:00+00:00,BBY,0.47774519573280533,0.47774519573280533,20,0.0
1998-10-28 13:06:00+00:00,BBY,0.5064160978889917,0.5064160978889917,20,0.0
1998-10-28 13:07:00+00:00,BBY,0.5064479633837814,0.5064479633837814,20,0.0
1998-10-28 13:09:00+00:00,BBY,0.5063748416326812,0.5063748416326812,20,0.0
1998-10-28 13:11:00+00:00,BBY,0.5067253739292549,0.5067253739292549,20,0.0
1998-10-28 13:12:00+00:00,BBY,0.5096616417487657,0.5096616417487657,20,0.0
1998-10-28 13:13:00+00:00,BBY,0.5104070567783862,0.5104070567783862,20,0.0
1998-10-28 13:16:00+00:00,BBY,0.5034903549091468,0.5034903549091468,20,0.0
1998-10-28 13:20:00+00:00,BBY,0.49621671994204924,0.49621671994204924,20,0.0
1998-10-28 13:22:00+00:00,BBY,0.4981650898383328,0.4981650898383328,20,0.0
1998-10-28 13:24:00+00:00,BBY,0.49963795845852654,0.49963795845852654,20,0.0
1998-10-28 13:25:00+00:00,BBY,0.5001843350180979,0.5001843350180979,20,0.0
1998-10-28 13:26:00+00:00,BBY,0.49503606418487783,0.49503606418487783,20,0.0
1998-10-28 13:29:00+00:00,BBY,0.5034584688650889,0.5034584688650889,20,0.0
1998-10-28 13:33:00+00:00,BBY,0.497183084408492,0.497183084408492,20,0.0
1998-10-28 13:34:00+00:00,BBY,0.4955467612139094,0.4955467612139094,20,0.0
1998-10-28 13:35:00+00:00,BBY,0.4962310609939934,0.4962310609939934,20,0.0
1998-10-28 13:37:00+00:00,BBY,0.49811042403301325,0.49811042403301325,20,0.0
1998-10-28 13:39:00+00:00,BBY,0.4838057715958003,0.4838057715958003,20,0.0
1998-10-28 13:43:00+00:00,BBY,0.49564082059445086,0.49564082059445086,20,0.0
1998-10-28 13:47:00+00:00,BBY,0.4784639313629124,0.4784639313629124,20,0.0
1998-10-28 13:48:00+00:00,BBY,0.4849531857261668,0.4849531857261668,20,0.0
1998-10-28 13:52:00+00:00,BBY,0.5033105921319645,0.5033105921319645,20,0.0
1998-10-28 13:53:00+00:00,BBY,0.5034754944528768,0.5034754944528768,20,0.0
1998-10-28 13:54:00+00:00,BBY,0.5034720137705395,0.5034720137705395,20,0.0
1998-10-28 13:55:00+00:00,BBY,0.5034921576264053,0.5034921576264053,20,0.0
1998-10-28 13:56:00+00:00,BBY,0.5040648528924654,0.5040648528924654,20,0.0
1998-10-28 13:57:00+00:00,BBY,0.5035693446017843,0.5035693446017843,20,0.0
1998-10-28 13:58:00+00:00,BBY,0.5032979903628629,0.5032979903628629,20,0.0
1998-10-28 13:59:00+00:00,BBY,0.5294458773803518,0.5294458773803518,20,0.0
1998-10-28 14:00:00+00:00,BBY,0.5299824411459899,0.5299824411459899,20,0.0
1998-10-28 14:01:00+00:00,BBY,0.5275989476375216,0.5275989476375216,20,0.0
1998-10-28 14:04:00+00:00,BBY,0.532248947659831,0.532248947659831,20,0.0
1998-10-28 14:05:00+00:00,BBY,0.5336248243256229,0.5336248243256229,20,0.0
1998-10-28 14:06:00+00:00,BBY,0.5146170675422372,0.5146170675422372,20,0.0
1998-10-28 14:08:00+00:00,BBY,0.4749722436156656,0.4749722436156656,20,0.0
1998-10-28 14:09:00+00:00,BBY,0.4733903895090652,0.4733903895090652,20,0.0
1998-10-28 14:10:00+00:00,BBY,0.48121078363506525,0.48121078363506525,20,0.0
1998-10-28 14:11:00+00:00,BBY,0.4775614135232573,0.4775614135232573,20,0.0
1998-10-28 14:12:00+00:00,BBY,0.47431358351317565,0.47431358351317565,20,0.0
1998-10-28 14:15:00+00:00,BBY,0.4658077688219556,0.4658077688219556,20,0.0
1998-10-28 14:18:00+00:00,BBY,0.47338270592769516,0.47338270592769516,20,0.0
1998-10-28 14:20:00+00:00,BBY,0.47849237085906443,0.47849237085906443,20,0.0
1998-10-28 14:22:00+00:00,BBY,0.4764199961283883,0.4764199961283883,20,0.0
1998-10-28 14:24:00+00:00,BBY,0.4794655525637434,0.4794655525637434,20,0.0
1998-10-28 14:27:00+00:00,BBY,0.530324489119643,0.530324489119643,20,0.0
1998-10-28 14:28:00+00:00,BBY,0.5343521347219258,0.5343521347219258,20,0.0
1998-10-28 14:29:00+00:00,BBY,0.5401931721897408,0.5401931721897408,20,0.0
1998-10-28 14:30:00+00:00,BBY,0.5286424515944346,0.5286424515944346,20,0.0
1998-10-28 14:31:00+00:00,BBY,0.5288139754078872,0.5288139754078872,20,0.0
1998-10-28 14:32:00+00:00,BBY,0.5276986848940516,0.5276986848940516,20,0.0
1998-10-28 14:33:00+00:00,BBY,0.5238708790763225,0.5238708790763225,20,0.0
1998-10-28 14:34:00+00:00,BBY,0.5337672699196354,0.5337672699196354,20,0.0
1998-10-28 14:35:00+00:00,BBY,0.5268742469498282,0.5268742469498282,20,0.0
1998-10-28 14:36:00+00:00,BBY,0.4770751105538447,0.4770751105538447,20,0.0
1998-10-28 14:39:00+00:00,BBY,0.4741807322395027,0.4741807322395027,20,0.0
1998-10-28 14:40:00+00:00,BBY,0.4769816972149487,0.4769816972149487,20,0.0
1998-10-28 14:44:00+00:00,BBY,0.4736780336109208,0.4736780336109208,20,0.0
1998-10-28 14:46:00+00:00,BBY,0.4710121974810453,0.4710121974810453,20,0.0
1998-10-28 14:47:00+00:00,BBY,0.4748276260640901,0.4748276260640901,20,0.0
1998-10-28 14:48:00+00:00,BBY,0.4567129936162552,0.4567129936162552,20,0.0
1998-10-28 14:51:00+00:00,BBY,0.5067792322575833,0.5067792322575833,20,0.0
1998-10-28 14:52:00+00:00,BBY,0.5419206585062044,0.5419206585062044,20,0.0
1998-10-28 14:53:00+00:00,BBY,0.5493731311890078,0.5493731311890078,20,0.0
1998-10-28 14:54:00+00:00,BBY,0.5157862842991117,0.5157862842991117,20,0.0
1998-10-28 14:55:00+00:00,BBY,0.5158748801594731,0.5158748801594731,20,0.0
1998-10-28 14:57:00+00:00,BBY,0.5184892426077091,0.5184892426077091,20,0.0
1998-10-28 14:58:00+00:00,BBY,0.5171352457048386,0.5171352457048386,20,0.0
1998-10-28 14:59:00+00:00,BBY,0.5175038126749638,0.5175038126749638,20,0.0
1998-10-28 15:00:00+00:00,BBY,0.5159185834800656,0.5159185834800656,20,0.0
1998-10-28 15:01:00+00:00,BBY,0.5311570752692318,0.5311570752692318,20,0.0
1998-10-28 15:02:00+00:00,BBY,0.5320938502838167,0.5320938502838167,20,0.0
1998-10-28 15:03:00+00:00,BBY,0.5153738751357736,0.5153738751357736,20,0.0
1998-10-28 15:04:00+00:00,BBY,0.5150405257353536,0.5150405257353536,20,0.0
1998-10-28 15:05:00+00:00,BBY,0.5090081534955331,0.5090081534955331,20,0.0
1998-10-28 15:06:00+00:00,BBY,0.5149604507859616,0.5149604507859616,20,0.0
1998-10-28 15:07:00+00:00,BBY,0.4634997178480853,0.4634997178480853,20,0.0
1998-10-28 15:08:00+00:00,BBY,0.4656261735452223,0.4656261735452223,20,0.0
1998-10-28 15:09:00+00:00,BBY,0.471190854389808,0.471190854389808,20,0.0
1998-10-28 15:10:00+00:00,BBY,0.4767637373719814,0.4767637373719814,20,0.0
1998-10-28 15:11:00+00:00,BBY,0.47151252602872384,0.47151252602872384,20,0.0
1998-10-28 15:12:00+00:00,BBY,0.47004604256127247,0.47004604256127247,20,0.0
1998-10-28 15:13:00+00:00,BBY,0.46367492765198554,0.46367492765198554,20,0.0
1998-10-28 15:14:00+00:00,BBY,0.46109154006965747,0.46109154006965747,20,0.0
1998-10-28 15:15:00+00:00,BBY,0.4742803817166834,0.4742803817166834,20,0.0
1998-10-28 15:18:00+00:00,BBY,0.4691202572553819,0.4691202572553819,20,0.0
1998-10-28 15:19:00+00:00,BBY,0.47331278902202223,0.47331278902202223,20,0.0
1998-10-28 15:21:00+00:00,BBY,0.47238586569736163,0.47238586569736163,20,0.0
1998-10-28 15:22:00+00:00,BBY,0.5034059885906492,0.5034059885906492,20,0.0
1998-10-28 15:23:00+00:00,BBY,0.524299589134947,0.524299589134947,20,0.0
1998-10-28 15:24:00+00:00,BBY,0.5327879552074614,0.5327879552074614,20,0.0
1998-10-28 15:25:00+00:00,BBY,0.5363188952928288,0.5363188952928288,20,0.0
1998-10-28 15:26:00+00:00,BBY,0.525562963036423,0.525562963036423,20,0.0
1998-10-28 15:27:00+00:00,BBY,0.5251171538898507,0.5251171538898507,20,0.0
1998-10-28 15:29:00+00:00,BBY,0.5359588851636345,0.5359588851636345,20,0.0
1998-10-28 15:30:00+00:00,BBY,0.512204547224742,0.512204547224742,20,0.0
1998-10-28 15:31:00+00:00,BBY,0.5154866659221745,0.5154866659221745,20,0.0
1998-10-28 15:32:00+00:00,BBY,0.5151883642067712,0.5151883642067712,20,0.0
1998-10-28 15:33:00+00:00,BBY,0.5160917881953715,0.5160917881953715,20,0.0
1998-10-28 15:34:00+00:00,BBY,0.515186872585031,0.515186872585031,20,0.0
1998-10-28 15:35:00+00:00,BBY,0.48352687352430185,0.48352687352430185,20,0.0
1998-10-28 15:37:00+00:00,BBY,0.4768116825860221,0.4768116825860221,20,0.0
1998-10-28 15:38:00+00:00,BBY,0.5232869271296774,0.5232869271296774,20,0.0
1998-10-28 15:39:00+00:00,BBY,0.5214034376632468,0.5214034376632468,20,0.0
1998-10-28 15:40:00+00:00,BBY,0.5220813587315971,0.5220813587315971,20,0.0
1998-10-28 15:41:00+00:00,BBY,0.5227965801303244,0.5227965801303244,20,0.0
1998-10-28 15:42:00+00:00,BBY,0.5220168178920442,0.5220168178920442,20,0.0
1998-10-28 15:43:00+00:00,BBY,0.47143267279867157,0.47143267279867157,20,0.0
1998-10-28 15:44:00+00:00,BBY,0.4660555934879471,0.4660555934879471,20,0.0
1998-10-28 15:45:00+00:00,BBY,0.46793944911027524,0.46793944911027524,20,0.0
1998-10-28 15:46:00+00:00,BBY,0.4689340977846884,0.4689340977846884,20,0.0
1998-10-28 15:47:00+00:00,BBY,0.4893762617390665,0.4893762617390665,20,0.0
1998-10-28 15:48:00+00:00,BBY,0.4889243547367765,0.4889243547367765,20,0.0
1998-10-28 15:49:00+00:00,BBY,0.48966820460355065,0.48966820460355065,20,0.0
1998-10-28 15:50:00+00:00,BBY,0.48737954400914435,0.48737954400914435,20,0.0
1998-10-28 15:51:00+00:00,BBY,0.5245280592913726,0.5245280592913726,20,0.0
1998-10-28 15:52:00+00:00,BBY,0.48827038438050946,0.48827038438050946,20,0.0
1998-10-28 15:53:00+00:00,BBY,0.4873443954429364,0.4873443954429364,20,0.0
1998-10-28 15:54:00+00:00,BBY,0.48903349444363053,0.48903349444363053,20,0.0
1998-10-28 15:56:00+00:00,BBY,0.46487537941311885,0.46487537941311885,20,0.0
1998-10-28 15:57:00+00:00,BBY,0.48422413643869144,0.48422413643869144,20,0.0
1998-10-28 15:58:00+00:00,BBY,0.48424472884345526,0.48424472884345526,20,0.0
1998-10-28 15:59:00+00:00,BBY,0.4843071999698483,0.4843071999698483,20,0.0
1998-10-29 09:35:00+00:00,BBY,0.5322871947952278,0.5322871947952278,20,0.0
1998-10-29 09:36:00+00:00,BBY,0.5134868998594254,0.5134868998594254,20,0.0
1998-10-29 09:38:00+00:00,BBY,0.4814372790819055,0.4814372790819055,20,0.0
1998-10-29 09:40:00+00:00,BBY,0.5124469963646079,0.5124469963646079,20,0.0
1998-10-29 09:41:00+00:00,BBY,0.5322928937045298,0.5322928937045298,20,0.0
1998-10-29 09:42:00+00:00,BBY,0.5499345879676041,0.5499345879676041,20,0.0
1998-10-29 09:43:00+00:00,BBY,0.5368373689747129,0.5368373689747129,20,0.0
1998-10-29 09:44:00+00:00,BBY,0.5407103326021243,0.5407103326021243,20,0.0
1998-10-29 09:45:00+00:00,BBY,0.5355743749003526,0.5355743749003526,20,0.0
1998-10-29 09:48:00+00:00,BBY,0.47596852617228785,0.47596852617228785,20,0.0
1998-10-29 09:49:00+00:00,BBY,0.47612839591217343,0.47612839591217343,20,0.0
1998-10-29 09:50:00+00:00,BBY,0.4734847385837276,0.4734847385837276,20,0.0
1998-10-29 09:51:00+00:00,BBY,0.47270544448035645,0.47270544448035645,20,0.0
1998-10-29 09:52:00+00:00,BBY,0.4775887218705092,0.4775887218705092,20,0.0
1998-10-29 09:53:00+00:00,BBY,0.5092053371127394,0.5092053371127394,20,0.0
1998-10-29 09:55:00+00:00,BBY,0.5062163794962735,0.5062163794962735,20,0.0
1998-10-29 09:56:00+00:00,BBY,0.4797706314225237,0.4797706314225237,20,0.0
1998-10-29 09:57:00+00:00,BBY,0.5748724217009165,0.5748724217009165,20,415.6348667782724
1998-10-29 09:58:00+00:00,BBY,0.5760408856909554,0.5760408856909554,20,436.32728107000264
1998-10-29 09:59:00+00:00,BBY,0.5613844808356302,0.5613844808356302,20,190.75232802582255
1998-10-29 10:00:00+00:00,BBY,0.5376625286501401,0.5376625286501401,20,0.0
1998-10-29 10:01:00+00:00,BBY,0.5368164329897667,0.5368164329897667,20,0.0
1998-10-29 10:02:00+00:00,BBY,0.5260068776604299,0.5260068776604299,20,0.0
1998-10-29 10:03:00+00:00,BBY,0.5261022802953454,0.5261022802953454,20,0.0
1998-10-29 10:04:00+00:00,BBY,0.5257765088793388,0.5257765088793388,20,0.0
1998-10-29 10:06:00+00:00,BBY,0.5217608494828758,0.5217608494828758,20,0.0
1998-10-29 10:07:00+00:00,BBY,0.5159494846534065,0.5159494846534065,20,0.0
1998-10-29 10:08:00+00:00,BBY,0.48929012946856876,0.48929012946856876,20,0.0
1998-10-29 10:09:00+00:00,BBY,0.4892560832127659,0.4892560832127659,20,0.0
1998-10-29 10:10:00+00:00,BBY,0.5088847786896197,0.5088847786896197,20,0.0
1998-10-29 10:11:00+00:00,BBY,0.5087002080419468,0.5087002080419468,20,0.0
1998-10-29 10:13:00+00:00,BBY,0.4625632108843277,0.4625632108843277,20,0.0
1998-10-29 10:14:00+00:00,BBY,0.4751482967735976,0.4751482967735976,20,0.0
1998-10-29 10:16:00+00:00,BBY,0.4772838854549706,0.4772838854549706,20,0.0
1998-10-29 10:17:00+00:00,BBY,0.4657977386579615,0.4657977386579615,20,0.0
1998-10-29 10:20:00+00:00,BBY,0.46378874907691026,0.46378874907691026,20,0.0
1998-10-29 10:21:00+00:00,BBY,0.4644431051037464,0.4644431051037464,20,0.0
1998-10-29 10:22:00+00:00,BBY,0.46487211883205853,0.46487211883205853,20,0.0
1998-10-29 10:23:00+00:00,BBY,0.4750581680489452,0.4750581680489452,20,0.0
1998-10-29 10:24:00+00:00,BBY,0.4666343777031738,0.4666343777031738,20,0.0
1998-10-29 10:25:00+00:00,BBY,0.46664697672977,0.46664697672977,20,0.0
1998-10-29 10:27:00+00:00,BBY,0.4461287273281214,0.4461287273281214,20,0.0
1998-10-29 10:28:00+00:00,BBY,0.447425700935062,0.447425700935062,20,0.0
1998-10-29 10:29:00+00:00,BBY,0.4462889482462829,0.4462889482462829,20,0.0
1998-10-29 10:30:00+00:00,BBY,0.4452267756669071,0.4452267756669071,20,0.0
1998-10-29 10:32:00+00:00,BBY,0.47399232482586406,0.47399232482586406,20,0.0
1998-10-29 10:33:00+00:00,BBY,0.47488921159373276,0.47488921159373276,20,0.0
1998-10-29 10:35:00+00:00,BBY,0.47885968733432827,0.47885968733432827,20,0.0
1998-10-29 10:36:00+00:00,BBY,0.4830636160381912,0.4830636160381912,20,0.0
1998-10-29 10:37:00+00:00,BBY,0.47390206548967645,0.47390206548967645,20,0.0
1998-10-29 10:38:00+00:00,BBY,0.4762921084579298,0.4762921084579298,20,0.0
1998-10-29 10:39:00+00:00,BBY,0.49428341664844355,0.49428341664844355,20,0.0
1998-10-29 10:40:00+00:00,BBY,0.5087168078893045,0.5087168078893045,20,0.0
1998-10-29 10:41:00+00:00,BBY,0.512478426416375,0.512478426416375,20,0.0
1998-10-29 10:42:00+00:00,BBY,0.5305350646564079,0.5305350646564079,20,0.0
1998-10-29 10:43:00+00:00,BBY,0.5118775949115356,0.5118775949115356,20,0.0
1998-10-29 10:44:00+00:00,BBY,0.5205174881667645,0.5205174881667645,20,0.0
1998-10-29 10:45:00+00:00,BBY,0.5221255884285,0.5221255884285,20,0.0
1998-10-29 10:46:00+00:00,BBY,0.521452805763806,0.521452805763806,20,0.0
1998-10-29 10:47:00+00:00,BBY,0.5229325797948985,0.5229325797948985,20,0.0
1998-10-29 10:48:00+00:00,BBY,0.5232672108627263,0.5232672108627263,20,0.0
1998-10-29 10:49:00+00:00,BBY,0.523480088933532,0.523480088933532,20,0.0
1998-10-29 10:50:00+00:00,BBY,0.5232694495611283,0.5232694495611283,20,0.0
1998-10-29 10:51:00+00:00,BBY,0.47329823500978774,0.47329823500978774,20,0.0
1998-10-29 10:52:00+00:00,BBY,0.475509688961974,0.475509688961974,20,0.0
1998-10-29 10:54:00+00:00,BBY,0.47385585159308363,0.47385585159308363,20,0.0
1998-10-29 10:55:00+00:00,BBY,0.4732553461458569,0.4732553461458569,20,0.0
1998-10-29 10:56:00+00:00,BBY,0.47443777508605667,0.47443777508605667,20,0.0
1998-10-29 10:57:00+00:00,BBY,0.47432809372407175,0.47432809372407175,20,0.0
1998-10-29 10:58:00+00:00,BBY,0.47119351181788,0.47119351181788,20,0.0
1998-10-29 11:00:00+00:00,BBY,0.4762834992951349,0.4762834992951349,20,0.0
1998-10-29 11:01:00+00:00,BBY,0.4772983680995214,0.4772983680995214,20,0.0
1998-10-29 11:02:00+00:00,BBY,0.49312815790528813,0.49312815790528813,20,0.0
1998-10-29 11:03:00+00:00,BBY,0.494741336438835,0.494741336438835,20,0.0
1998-10-29 11:04:00+00:00,BBY,0.49213125699500376,0.49213125699500376,20,0.0
1998-10-29 11:05:00+00:00,BBY,0.4880589427868058,0.4880589427868058,20,0.0
1998-10-29 11:06:00+00:00,BBY,0.507024482906382,0.507024482906382,20,0.0
1998-10-29 11:09:00+00:00,BBY,0.5069969055136753,0.5069969055136753,20,0.0
1998-10-29 11:11:00+00:00,BBY,0.481098911910608,0.481098911910608,20,0.0
1998-10-29 11:12:00+00:00,BBY,0.5236675611243893,0.5236675611243893,20,0.0
1998-10-29 11:13:00+00:00,BBY,0.5346525441780632,0.5346525441780632,20,0.0
1998-10-29 11:14:00+00:00,BBY,0.5355091674383755,0.5355091674383755,20,0.0
1998-10-29 11:15:00+00:00,BBY,0.5356543803037247,0.5356543803037247,20,0.0
1998-10-29 11:16:00+00:00,BBY,0.5338772480538021,0.5338772480538021,20,0.0
1998-10-29 11:17:00+00:00,BBY,0.5364038467203353,0.5364038467203353,20,0.0
1998-10-29 11:18:00+00:00,BBY,0.5367179353858001,0.5367179353858001,20,0.0
1998-10-29 11:19:00+00:00,BBY,0.5192133782901139,0.5192133782901139,20,0.0
1998-10-29 11:20:00+00:00,BBY,0.47271946700527573,0.47271946700527573,20,0.0
1998-10-29 11:21:00+00:00,BBY,0.47574422334950256,0.47574422334950256,20,0.0
1998-10-29 11:22:00+00:00,BBY,0.47411702627970703,0.47411702627970703,20,0.0
1998-10-29 11:23:00+00:00,BBY,0.4595953622208344,0.4595953622208344,20,0.0
1998-10-29 11:24:00+00:00,BBY,0.4623677279547597,0.4623677279547597,20,0.0
1998-10-29 11:25:00+00:00,BBY,0.4637121258533147,0.4637121258533147,20,0.0
1998-10-29 11:26:00+00:00,BBY,0.4612314724567529,0.4612314724567529,20,0.0
1998-10-29 11:27:00+00:00,BBY,0.46334034931026996,0.46334034931026996,20,0.0
1998-10-29 11:28:00+00:00,BBY,0.4632280369674683,0.4632280369674683,20,0.0
1998-10-29 11:29:00+00:00,BBY,0.485611206306161,0.485611206306161,20,0.0
1998-10-29 11:30:00+00:00,BBY,0.4851435529501803,0.4851435529501803,20,0.0
1998-10-29 11:31:00+00:00,BBY,0.46068217887407004,0.46068217887407004,20,0.0
1998-10-29 11:33:00+00:00,BBY,0.4629690152525785,0.4629690152525785,20,0.0
1998-10-29 11:36:00+00:00,BBY,0.4631045014818879,0.4631045014818879,20,0.0
1998-10-29 11:38:00+00:00,BBY,0.48265852559337713,0.48265852559337713,20,0.0
1998-10-29 11:39:00+00:00,BBY,0.4827902259161773,0.4827902259161773,20,0.0
1998-10-29 11:40:00+00:00,BBY,0.482219444680954,0.482219444680954,20,0.0
1998-10-29 11:41:00+00:00,BBY,0.5296924477682436,0.5296924477682436,20,0.0
1998-10-29 11:44:00+00:00,BBY,0.534769808041439,0.534769808041439,20,0.0
1998-10-29 11:45:00+00:00,BBY,0.5224253008984218,0.5224253008984218,20,0.0
1998-10-29 11:46:00+00:00,BBY,0.5064367115168456,0.5064367115168456,20,0.0
1998-10-29 11:47:00+00:00,BBY,0.481191690258298,0.481191690258298,20,0.0
1998-10-29 11:48:00+00:00,BBY,0.4563690047943707,0.4563690047943707,20,0.0
1998-10-29 11:49:00+00:00,BBY,0.4507871289181511,0.4507871289181511,20,0.0
1998-10-29 11:50:00+00:00,BBY,0.45571245032743807,0.45571245032743807,20,0.0
1998-10-29 11:51:00+00:00,BBY,0.45700519710305854,0.45700519710305854,20,0.0
1998-10-29 11:52:00+00:00,BBY,0.4260196811820949,0.4260196811820949,20,0.0
1998-10-29 11:54:00+00:00,BBY,0.520326421586118,0.520326421586118,20,0.0
1998-10-29 11:56:00+00:00,BBY,0.5218939949005749,0.5218939949005749,20,0.0
1998-10-29 11:57:00+00:00,BBY,0.5392326689645804,0.5392326689645804,20,0.0
1998-10-29 11:58:00+00:00,BBY,0.5391004930378263,0.5391004930378263,20,0.0
1998-10-29 11:59:00+00:00,BBY,0.5369345217274423,0.5369345217274423,20,0.0
1998-10-29 12:00:00+00:00,BBY,0.5349039112831323,0.5349039112831323,20,0.0
1998-10-29 12:01:00+00:00,BBY,0.5264019263226708,0.5264019263226708,20,0.0
1998-10-29 12:02:00+00:00,BBY,0.4719983717844772,0.4719983717844772,20,0.0
1998-10-29 12:03:00+00:00,BBY,0.47190247992104506,0.47190247992104506,20,0.0
1998-10-29 12:05:00+00:00,BBY,0.47641749763933355,0.47641749763933355,20,0.0
1998-10-29 12:06:00+00:00,BBY,0.4739073673039425,0.4739073673039425,20,0.0
1998-10-29 12:07:00+00:00,BBY,0.47963838644654205,0.47963838644654205,20,0.0
1998-10-29 12:11:00+00:00,BBY,0.46967055890416887,0.46967055890416887,20,0.0
1998-10-29 12:12:00+00:00,BBY,0.47350990138617427,0.47350990138617427,20,0.0
1998-10-29 12:13:00+00:00,BBY,0.467731548169996,0.467731548169996,20,0.0
1998-10-29 12:14:00+00:00,BBY,0.46921058365039425,0.46921058365039425,20,0.0
1998-10-29 12:15:00+00:00,BBY,0.48089440855262605,0.48089440855262605,20,0.0
1998-10-29 12:16:00+00:00,BBY,0.4930465426449849,0.4930465426449849,20,0.0
1998-10-29 12:17:00+00:00,BBY,0.49199277702044797,0.49199277702044797,20,0.0
1998-10-29 12:18:00+00:00,BBY,0.5064856908812323,0.5064856908812323,20,0.0
1998-10-29 12:19:00+00:00,BBY,0.5118403425791784,0.5118403425791784,20,0.0
1998-10-29 12:20:00+00:00,BBY,0.5090120375703915,0.5090120375703915,20,0.0
1998-10-29 12:21:00+00:00,BBY,0.5102370938619178,0.5102370938619178,20,0.0
1998-10-29 12:24:00+00:00,BBY,0.5067647176712158,0.5067647176712158,20,0.0
1998-10-29 12:25:00+00:00,BBY,0.486801247121773,0.486801247121773,20,0.0
1998-10-29 12:26:00+00:00,BBY,0.4861576170745792,0.4861576170745792,20,0.0
1998-10-29 12:28:00+00:00,BBY,0.4865344281983593,0.4865344281983593,20,0.0
1998-10-29 12:29:00+00:00,BBY,0.48550674224899465,0.48550674224899465,20,0.0
1998-10-29 12:32:00+00:00,BBY,0.5065917147773786,0.5065917147773786,20,0.0
1998-10-29 12:33:00+00:00,BBY,0.5065284380579249,0.5065284380579249,20,0.0
1998-10-29 12:34:00+00:00,BBY,0.5064193882098689,0.5064193882098689,20,0.0
1998-10-29 12:35:00+00:00,BBY,0.48676513435359514,0.48676513435359514,20,0.0
1998-10-29 12:37:00+00:00,BBY,0.5082904485376137,0.5082904485376137,20,0.0
1998-10-29 12:38:00+00:00,BBY,0.5033494227032197,0.5033494227032197,20,0.0
1998-10-29 12:39:00+00:00,BBY,0.5033409718379404,0.5033409718379404,20,0.0
1998-10-29 12:40:00+00:00,BBY,0.5032920079118317,0.5032920079118317,20,0.0
1998-10-29 12:41:00+00:00,BBY,0.4934755389814857,0.4934755389814857,20,0.0
1998-10-29 12:44:00+00:00,BBY,0.5033254205305775,0.5033254205305775,20,0.0
1998-10-29 12:45:00+00:00,BBY,0.4964894053662271,0.4964894053662271,20,0.0
1998-10-29 12:46:00+00:00,BBY,0.4950843732507509,0.4950843732507509,20,0.0
1998-10-29 12:47:00+00:00,BBY,0.4922619807706589,0.4922619807706589,20,0.0
1998-10-29 12:48:00+00:00,BBY,0.4948200778996285,0.4948200778996285,20,0.0
1998-10-29 12:49:00+00:00,BBY,0.4878816845690093,0.4878816845690093,20,0.0
1998-10-29 12:50:00+00:00,BBY,0.4590109597170104,0.4590109597170104,20,0.0
1998-10-29 12:51:00+00:00,BBY,0.45582547874296,0.45582547874296,20,0.0
1998-10-29 12:53:00+00:00,BBY,0.4574142163970923,0.4574142163970923,20,0.0
1998-10-29 12:54:00+00:00,BBY,0.46653822743398154,0.46653822743398154,20,0.0
1998-10-29 12:56:00+00:00,BBY,0.47282193625837143,0.47282193625837143,20,0.0
1998-10-29 12:57:00+00:00,BBY,0.44386877654418294,0.44386877654418294,20,0.0
1998-10-29 12:58:00+00:00,BBY,0.4727229108895076,0.4727229108895076,20,0.0
1998-10-29 12:59:00+00:00,BBY,0.4728999352427374,0.4728999352427374,20,0.0
1998-10-29 13:00:00+00:00,BBY,0.4776607730639694,0.4776607730639694,20,0.0
1998-10-29 13:01:00+00:00,BBY,0.4779887986170634,0.4779887986170634,20,0.0
1998-10-29 13:02:00+00:00,BBY,0.47395749870635123,0.47395749870635123,20,0.0
1998-10-29 13:03:00+00:00,BBY,0.47316737718749935,0.47316737718749935,20,0.0
1998-10-29 13:04:00+00:00,BBY,0.47501514497693764,0.47501514497693764,20,0.0
1998-10-29 13:05:00+00:00,BBY,0.47833337894981104,0.47833337894981104,20,0.0
1998-10-29 13:06:00+00:00,BBY,0.5090805341799012,0.5090805341799012,20,0.0
1998-10-29 13:07:00+00:00,BBY,0.5062086212746363,0.5062086212746363,20,0.0
1998-10-29 13:08:00+00:00,BBY,0.5092610477133678,0.5092610477133678,20,0.0
1998-10-29 13:09:00+00:00,BBY,0.4763171503312428,0.4763171503312428,20,0.0
1998-10-29 13:10:00+00:00,BBY,0.47981476503744735,0.47981476503744735,20,0.0
1998-10-29 13:11:00+00:00,BBY,0.47912778303875364,0.47912778303875364,20,0.0
1998-10-29 13:14:00+00:00,BBY,0.4786107947887349,0.4786107947887349,20,0.0
1998-10-29 13:15:00+00:00,BBY,0.47900855773402923,0.47900855773402923,20,0.0
1998-10-29 13:20:00+00:00,BBY,0.5249919042704747,0.5249919042704747,20,0.0
1998-10-29 13:21:00+00:00,BBY,0.5241396293974477,0.5241396293974477,20,0.0
1998-10-29 13:22:00+00:00,BBY,0.5156360580931002,0.5156360580931002,20,0.0
1998-10-29 13:23:00+00:00,BBY,0.523791391940914,0.523791391940914,20,0.0
1998-10-29 13:24:00+00:00,BBY,0.529918250921479,0.529918250921479,20,0.0
1998-10-29 13:26:00+00:00,BBY,0.5100215148668404,0.5100215148668404,20,0.0
1998-10-29 13:30:00+00:00,BBY,0.5357949394954115,0.5357949394954115,20,0.0
1998-10-29 13:31:00+00:00,BBY,0.5341509867317109,0.5341509867317109,20,0.0
1998-10-29 13:32:00+00:00,BBY,0.5327499735726997,0.5327499735726997,20,0.0
1998-10-29 13:34:00+00:00,BBY,0.5348884090173889,0.5348884090173889,20,0.0
1998-10-29 13:37:00+00:00,BBY,0.533357415650614,0.533357415650614,20,0.0
1998-10-29 13:38:00+00:00,BBY,0.5287853959713043,0.5287853959713043,20,0.0
1998-10-29 13:40:00+00:00,BBY,0.5260722496764483,0.5260722496764483,20,0.0
1998-10-29 13:41:00+00:00,BBY,0.5244589176230787,0.5244589176230787,20,0.0
1998-10-29 13:42:00+00:00,BBY,0.5221831999404717,0.5221831999404717,20,0.0
1998-10-29 13:44:00+00:00,BBY,0.5217173553209804,0.5217173553209804,20,0.0
1998-10-29 13:46:00+00:00,BBY,0.5229230442866983,0.5229230442866983,20,0.0
1998-10-29 13:48:00+00:00,BBY,0.5261473484322663,0.5261473484322663,20,0.0
1998-10-29 13:49:00+00:00,BBY,0.5066522284713788,0.5066522284713788,20,0.0
1998-10-29 13:50:00+00:00,BBY,0.5064873905921671,0.5064873905921671,20,0.0
1998-10-29 13:51:00+00:00,BBY,0.5063386117674548,0.5063386117674548,20,0.0
1998-10-29 13:52:00+00:00,BBY,0.5064396526658771,0.5064396526658771,20,0.0
1998-10-29 13:53:00+00:00,BBY,0.506364443199854,0.506364443199854,20,0.0
1998-10-29 13:54:00+00:00,BBY,0.49294643817195843,0.49294643817195843,20,0.0
1998-10-29 13:55:00+00:00,BBY,0.49626495144140215,0.49626495144140215,20,0.0
1998-10-29 14:00:00+00:00,BBY,0.496170678183321,0.496170678183321,20,0.0
1998-10-29 14:01:00+00:00,BBY,0.4915037503342858,0.4915037503342858,20,0.0
1998-10-29 14:02:00+00:00,BBY,0.5103269448042671,0.5103269448042671,20,0.0
1998-10-29 14:03:00+00:00,BBY,0.5093118104505547,0.5093118104505547,20,0.0
1998-10-29 14:09:00+00:00,BBY,0.5067705170752291,0.5067705170752291,20,0.0
1998-10-29 14:10:00+00:00,BBY,0.5067438476954872,0.5067438476954872,20,0.0
1998-10-29 14:15:00+00:00,BBY,0.5064078271339831,0.5064078271339831,20,0.0
1998-10-29 14:19:00+00:00,BBY,0.5136882711503604,0.5136882711503604,20,0.0
1998-10-29 14:22:00+00:00,BBY,0.510299268832909,0.510299268832909,20,0.0
1998-10-29 14:24:00+00:00,BBY,0.5220784246411857,0.5220784246411857,20,0.0
1998-10-29 14:25:00+00:00,BBY,0.521628231488994,0.521628231488994,20,0.0
1998-10-29 14:26:00+00:00,BBY,0.5268327991663243,0.5268327991663243,20,0.0
1998-10-29 14:27:00+00:00,BBY,0.5321103681913116,0.5321103681913116,20,0.0
1998-10-29 14:28:00+00:00,BBY,0.5308871725850596,0.5308871725850596,20,0.0
1998-10-29 14:29:00+00:00,BBY,0.5179929891600632,0.5179929891600632,20,0.0
1998-10-29 14:30:00+00:00,BBY,0.5259115549499261,0.5259115549499261,20,0.0
1998-10-29 14:31:00+00:00,BBY,0.5277499950115823,0.5277499950115823,20,0.0
1998-10-29 14:33:00+00:00,BBY,0.5268942379440509,0.5268942379440509,20,0.0
1998-10-29 14:35:00+00:00,BBY,0.5102689817995397,0.5102689817995397,20,0.0
1998-10-29 14:36:00+00:00,BBY,0.5142543668224262,0.5142543668224262,20,0.0
1998-10-29 14:37:00+00:00,BBY,0.5198497364514594,0.5198497364514594,20,0.0
1998-10-29 14:38:00+00:00,BBY,0.5353716025631572,0.5353716025631572,20,0.0
1998-10-29 14:39:00+00:00,BBY,0.5090282853333786,0.5090282853333786,20,0.0
1998-10-29 14:40:00+00:00,BBY,0.512301833162998,0.512301833162998,20,0.0
1998-10-29 14:43:00+00:00,BBY,0.5116654028838921,0.5116654028838921,20,0.0
1998-10-29 14:44:00+00:00,BBY,0.507576252085571,0.507576252085571,20,0.0
1998-10-29 14:45:00+00:00,BBY,0.5323176448507501,0.5323176448507501,20,0.0
1998-10-29 14:46:00+00:00,BBY,0.48966878720121193,0.48966878720121193,20,0.0
1998-10-29 14:48:00+00:00,BBY,0.5089289239556571,0.5089289239556571,20,0.0
1998-10-29 14:49:00+00:00,BBY,0.4760677262834949,0.4760677262834949,20,0.0
1998-10-29 14:50:00+00:00,BBY,0.5070202853809821,0.5070202853809821,20,0.0
1998-10-29 14:51:00+00:00,BBY,0.47822157312824726,0.47822157312824726,20,0.0
1998-10-29 14:52:00+00:00,BBY,0.5140918089929835,0.5140918089929835,20,0.0
1998-10-29 14:53:00+00:00,BBY,0.4731104093844854,0.4731104093844854,20,0.0
1998-10-29 14:54:00+00:00,BBY,0.47696236058995906,0.47696236058995906,20,0.0
1998-10-29 14:55:00+00:00,BBY,0.4887663326325338,0.4887663326325338,20,0.0
1998-10-29 14:57:00+00:00,BBY,0.47460660183304765,0.47460660183304765,20,0.0
1998-10-29 14:58:00+00:00,BBY,0.46901394820403813,0.46901394820403813,20,0.0
1998-10-29 14:59:00+00:00,BBY,0.5153727380079559,0.5153727380079559,20,0.0
1998-10-29 15:00:00+00:00,BBY,0.4745400772159612,0.4745400772159612,20,0.0
1998-10-29 15:01:00+00:00,BBY,0.4789741056203726,0.4789741056203726,20,0.0
1998-10-29 15:02:00+00:00,BBY,0.4731959465347078,0.4731959465347078,20,0.0
1998-10-29 15:03:00+00:00,BBY,0.47503296709812004,0.47503296709812004,20,0.0
1998-10-29 15:04:00+00:00,BBY,0.49047683937892506,0.49047683937892506,20,0.0
1998-10-29 15:05:00+00:00,BBY,0.4917656432703165,0.4917656432703165,20,0.0
1998-10-29 15:07:00+00:00,BBY,0.5162412893197145,0.5162412893197145,20,0.0
1998-10-29 15:08:00+00:00,BBY,0.49167488695969563,0.49167488695969563,20,0.0
1998-10-29 15:09:00+00:00,BBY,0.5036446305681258,0.5036446305681258,20,0.0
1998-10-29 15:10:00+00:00,BBY,0.5038455138330743,0.5038455138330743,20,0.0
1998-10-29 15:11:00+00:00,BBY,0.5295734366327762,0.5295734366327762,20,0.0
1998-10-29 15:12:00+00:00,BBY,0.4926848488079819,0.4926848488079819,20,0.0
1998-10-29 15:14:00+00:00,BBY,0.4915723958000046,0.4915723958000046,20,0.0
1998-10-29 15:18:00+00:00,BBY,0.5040317675685194,0.5040317675685194,20,0.0
1998-10-29 15:19:00+00:00,BBY,0.4936274992271716,0.4936274992271716,20,0.0
1998-10-29 15:20:00+00:00,BBY,0.5039777570403007,0.5039777570403007,20,0.0
1998-10-29 15:21:00+00:00,BBY,0.5038892569810483,0.5038892569810483,20,0.0
1998-10-29 15:23:00+00:00,BBY,0.5036792101890142,0.5036792101890142,20,0.0
1998-10-29 15:24:00+00:00,BBY,0.4926123784779079,0.4926123784779079,20,0.0
1998-10-29 15:25:00+00:00,BBY,0.48998409012644834,0.48998409012644834,20,0.0
1998-10-29 15:26:00+00:00,BBY,0.4901022778844611,0.4901022778844611,20,0.0
1998-10-29 15:27:00+00:00,BBY,0.4935496596359185,0.4935496596359185,20,0.0
1998-10-29 15:28:00+00:00,BBY,0.5252985700737743,0.5252985700737743,20,0.0
1998-10-29 15:29:00+00:00,BBY,0.5245462478316616,0.5245462478316616,20,0.0
1998-10-29 15:30:00+00:00,BBY,0.5274793448072828,0.5274793448072828,20,0.0
1998-10-29 15:31:00+00:00,BBY,0.5413047851394501,0.5413047851394501,20,0.0
1998-10-29 15:32:00+00:00,BBY,0.5368566611646504,0.5368566611646504,20,0.0
1998-10-29 15:33:00+00:00,BBY,0.5159138020666041,0.5159138020666041,20,0.0
1998-10-29 15:34:00+00:00,BBY,0.47736865594069033,0.47736865594069033,20,0.0
1998-10-29 15:36:00+00:00,BBY,0.4755253363076175,0.4755253363076175,20,0.0
1998-10-29 15:37:00+00:00,BBY,0.4711850857153954,0.4711850857153954,20,0.0
1998-10-29 15:39:00+00:00,BBY,0.5144344393499608,0.5144344393499608,20,0.0
1998-10-29 15:40:00+00:00,BBY,0.48012253927039766,0.48012253927039766,20,0.0
1998-10-29 15:41:00+00:00,BBY,0.4613795416613958,0.4613795416613958,20,0.0
1998-10-29 15:42:00+00:00,BBY,0.4622953947934428,0.4622953947934428,20,0.0
1998-10-29 15:43:00+00:00,BBY,0.4629596246222319,0.4629596246222319,20,0.0
1998-10-29 15:44:00+00:00,BBY,0.5130993137851376,0.5130993137851376,20,0.0
1998-10-29 15:45:00+00:00,BBY,0.46901260582397586,0.46901260582397586,20,0.0
1998-10-29 15:46:00+00:00,BBY,0.5067336095876298,0.5067336095876298,20,0.0
1998-10-29 15:48:00+00:00,BBY,0.4848306037310444,0.4848306037310444,20,0.0
1998-10-29 15:49:00+00:00,BBY,0.47298743848342967,0.47298743848342967,20,0.0
1998-10-29 15:50:00+00:00,BBY,0.49337012895212723,0.49337012895212723,20,0.0
1998-10-29 15:51:00+00:00,BBY,0.49180543219032763,0.49180543219032763,20,0.0
1998-10-29 15:52:00+00:00,BBY,0.5029045513024962,0.5029045513024962,20,0.0
1998-10-29 15:53:00+00:00,BBY,0.5065815350907712,0.5065815350907712,20,0.0
1998-10-29 15:54:00+00:00,BBY,0.4846345368655152,0.4846345368655152,20,0.0
1998-10-29 15:55:00+00:00,BBY,0.48906025040999423,0.48906025040999423,20,0.0
1998-10-29 15:57:00+00:00,BBY,0.4875360492539552,0.4875360492539552,20,0.0
1998-10-29 15:58:00+00:00,BBY,0.4624854972834491,0.4624854972834491,20,0.0
1998-10-29 15:59:00+00:00,BBY,0.43428719308873215,0.43428719308873215,20,0.0
1998-10-30 09:43:00+00:00,BBY,0.3571155817217613,0.3571155817217613,20,0.0
1998-10-30 09:44:00+00:00,BBY,0.34011372594085043,0.34011372594085043,20,0.0
1998-10-30 09:45:00+00:00,BBY,0.35472302002389866,0.35472302002389866,20,0.0
1998-10-30 09:46:00+00:00,BBY,0.37485556652353724,0.37485556652353724,20,0.0
1998-10-30 09:47:00+00:00,BBY,0.37331836835392174,0.37331836835392174,20,0.0
1998-10-30 09:48:00+00:00,BBY,0.39351080933014637,0.39351080933014637,20,0.0
1998-10-30 09:49:00+00:00,BBY,0.39369594417881276,0.39369594417881276,20,0.0
1998-10-30 09:50:00+00:00,BBY,0.39597923051347694,0.39597923051347694,20,0.0
1998-10-30 09:51:00+00:00,BBY,0.397038460984754,0.397038460984754,20,0.0
1998-10-30 09:52:00+00:00,BBY,0.4112180688311816,0.4112180688311816,20,0.0
1998-10-30 09:53:00+00:00,BBY,0.47520074328191403,0.47520074328191403,20,0.0
1998-10-30 09:54:00+00:00,BBY,0.5177587729389497,0.5177587729389497,20,0.0
1998-10-30 09:55:00+00:00,BBY,0.5606286019528007,0.5606286019528007,20,183.48269881690737
1998-10-30 09:56:00+00:00,BBY,0.5845664306135586,0.5845664306135586,20,597.5492438757917
1998-10-30 09:57:00+00:00,BBY,0.5519326385340991,0.5519326385340991,20,33.54867391699079
1998-10-30 09:58:00+00:00,BBY,0.5082531025955646,0.5082531025955646,20,0.0
1998-10-30 09:59:00+00:00,BBY,0.5173114307274317,0.5173114307274317,20,0.0
1998-10-30 10:00:00+00:00,BBY,0.5425831829378038,0.5425831829378038,20,0.0
1998-10-30 10:01:00+00:00,BBY,0.52628773141196,0.52628773141196,20,0.0
1998-10-30 10:02:00+00:00,BBY,0.5222584614383469,0.5222584614383469,20,0.0
1998-10-30 10:03:00+00:00,BBY,0.5266013420070749,0.5266013420070749,20,0.0
1998-10-30 10:04:00+00:00,BBY,0.5272518997986232,0.5272518997986232,20,0.0
1998-10-30 10:05:00+00:00,BBY,0.513968033460825,0.513968033460825,20,0.0
1998-10-30 10:06:00+00:00,BBY,0.5143780426974931,0.5143780426974931,20,0.0
1998-10-30 10:07:00+00:00,BBY,0.514026188216292,0.514026188216292,20,0.0
1998-10-30 10:08:00+00:00,BBY,0.4842609393831188,0.4842609393831188,20,0.0
1998-10-30 10:09:00+00:00,BBY,0.47446615014044463,0.47446615014044463,20,0.0
1998-10-30 10:10:00+00:00,BBY,0.45760696011458873,0.45760696011458873,20,0.0
1998-10-30 10:11:00+00:00,BBY,0.47427644419721043,0.47427644419721043,20,0.0
1998-10-30 10:12:00+00:00,BBY,0.4747705293954585,0.4747705293954585,20,0.0
1998-10-30 10:13:00+00:00,BBY,0.4594838529222715,0.4594838529222715,20,0.0
1998-10-30 10:14:00+00:00,BBY,0.4896970530591233,0.4896970530591233,20,0.0
1998-10-30 10:15:00+00:00,BBY,0.48992354983722974,0.48992354983722974,20,0.0
1998-10-30 10:16:00+00:00,BBY,0.48983052440423747,0.48983052440423747,20,0.0
1998-10-30 10:17:00+00:00,BBY,0.46044809291214317,0.46044809291214317,20,0.0
1998-10-30 10:18:00+00:00,BBY,0.45930144351501045,0.45930144351501045,20,0.0
1998-10-30 10:19:00+00:00,BBY,0.5089537595469346,0.5089537595469346,20,0.0
1998-10-30 10:20:00+00:00,BBY,0.5088028107834565,0.5088028107834565,20,0.0
1998-10-30 10:21:00+00:00,BBY,0.5086188470354769,0.5086188470354769,20,0.0
1998-10-30 10:22:00+00:00,BBY,0.47275431431908477,0.47275431431908477,20,0.0
1998-10-30 10:23:00+00:00,BBY,0.4669406799397017,0.4669406799397017,20,0.0
1998-10-30 10:24:00+00:00,BBY,0.4710742884423572,0.4710742884423572,20,0.0
1998-10-30 10:26:00+00:00,BBY,0.46881344112135803,0.46881344112135803,20,0.0
1998-10-30 10:27:00+00:00,BBY,0.4679498356450582,0.4679498356450582,20,0.0
1998-10-30 10:28:00+00:00,BBY,0.4697160646209325,0.4697160646209325,20,0.0
1998-10-30 10:29:00+00:00,BBY,0.4721488156399188,0.4721488156399188,20,0.0
1998-10-30 10:30:00+00:00,BBY,0.4696065725745329,0.4696065725745329,20,0.0
1998-10-30 10:31:00+00:00,BBY,0.4791535519082588,0.4791535519082588,20,0.0
1998-10-30 10:32:00+00:00,BBY,0.47526439042751445,0.47526439042751445,20,0.0
1998-10-30 10:33:00+00:00,BBY,0.4786072770133199,0.4786072770133199,20,0.0
1998-10-30 10:34:00+00:00,BBY,0.47688546193972764,0.47688546193972764,20,0.0
1998-10-30 10:35:00+00:00,BBY,0.5075908346286153,0.5075908346286153,20,0.0
1998-10-30 10:36:00+00:00,BBY,0.5076461099228716,0.5076461099228716,20,0.0
1998-10-30 10:37:00+00:00,BBY,0.5076039721085837,0.5076039721085837,20,0.0
1998-10-30 10:38:00+00:00,BBY,0.5261339220053066,0.5261339220053066,20,0.0
1998-10-30 10:39:00+00:00,BBY,0.522380353184912,0.522380353184912,20,0.0
1998-10-30 10:40:00+00:00,BBY,0.5222251207300462,0.5222251207300462,20,0.0
1998-10-30 10:41:00+00:00,BBY,0.5172730272708668,0.5172730272708668,20,0.0
1998-10-30 10:42:00+00:00,BBY,0.5179701875473869,0.5179701875473869,20,0.0
1998-10-30 10:43:00+00:00,BBY,0.5172160976568392,0.5172160976568392,20,0.0
1998-10-30 10:44:00+00:00,BBY,0.48678391847646185,0.48678391847646185,20,0.0
1998-10-30 10:45:00+00:00,BBY,0.5065054258954451,0.5065054258954451,20,0.0
1998-10-30 10:46:00+00:00,BBY,0.5092959420964261,0.5092959420964261,20,0.0
1998-10-30 10:47:00+00:00,BBY,0.509110492078657,0.509110492078657,20,0.0
1998-10-30 10:48:00+00:00,BBY,0.5067069976637617,0.5067069976637617,20,0.0
1998-10-30 10:49:00+00:00,BBY,0.5107203116446437,0.5107203116446437,20,0.0
1998-10-30 10:50:00+00:00,BBY,0.5112535681038629,0.5112535681038629,20,0.0
1998-10-30 10:51:00+00:00,BBY,0.5113280156761706,0.5113280156761706,20,0.0
1998-10-30 10:52:00+00:00,BBY,0.5066202110001867,0.5066202110001867,20,0.0
1998-10-30 10:53:00+00:00,BBY,0.5068933847933592,0.5068933847933592,20,0.0
1998-10-30 10:54:00+00:00,BBY,0.5252786569115773,0.5252786569115773,20,0.0
1998-10-30 10:55:00+00:00,BBY,0.4802214707763872,0.4802214707763872,20,0.0
1998-10-30 10:56:00+00:00,BBY,0.48039209275491823,0.48039209275491823,20,0.0
1998-10-30 10:57:00+00:00,BBY,0.4818624728879767,0.4818624728879767,20,0.0
1998-10-30 10:58:00+00:00,BBY,0.5220095105529762,0.5220095105529762,20,0.0
1998-10-30 10:59:00+00:00,BBY,0.5724832605834616,0.5724832605834616,20,384.42782677066293
1998-10-30 11:00:00+00:00,BBY,0.5505766714412,0.5505766714412,20,9.860160099033502
1998-10-30 11:01:00+00:00,BBY,0.5499910757933377,0.5499910757933377,20,0.0
1998-10-30 11:02:00+00:00,BBY,0.535869831709672,0.535869831709672,20,0.0
1998-10-30 11:03:00+00:00,BBY,0.535172567601256,0.535172567601256,20,0.0
1998-10-30 11:04:00+00:00,BBY,0.5564076728977431,0.5564076728977431,20,109.11320494130439
1998-10-30 11:05:00+00:00,BBY,0.5540385582549744,0.5540385582549744,20,68.77068189570448
1998-10-30 11:06:00+00:00,BBY,0.56596068124032,0.56596068124032,20,271.4216847415875
1998-10-30 11:07:00+00:00,BBY,0.562354620652913,0.562354620652913,20,210.38094122254358
1998-10-30 11:08:00+00:00,BBY,0.5438386895737126,0.5438386895737126,20,0.0
1998-10-30 11:09:00+00:00,BBY,0.5239808090067345,0.5239808090067345,20,0.0
1998-10-30 11:10:00+00:00,BBY,0.4717575019022754,0.4717575019022754,20,0.0
1998-10-30 11:11:00+00:00,BBY,0.5099482262389464,0.5099482262389464,20,0.0
1998-10-30 11:12:00+00:00,BBY,0.5094447403249169,0.5094447403249169,20,0.0
1998-10-30 11:13:00+00:00,BBY,0.5085028227383687,0.5085028227383687,20,0.0
1998-10-30 11:14:00+00:00,BBY,0.5045235693142204,0.5045235693142204,20,0.0
1998-10-30 11:15:00+00:00,BBY,0.46882798965864764,0.46882798965864764,20,0.0
1998-10-30 11:16:00+00:00,BBY,0.5045722543723123,0.5045722543723123,20,0.0
1998-10-30 11:17:00+00:00,BBY,0.519881312401521,0.519881312401521,20,0.0
1998-10-30 11:18:00+00:00,BBY,0.5195510822026949,0.5195510822026949,20,0.0
1998-10-30 11:19:00+00:00,BBY,0.5190902249735249,0.5190902249735249,20,0.0
1998-10-30 11:20:00+00:00,BBY,0.5305627196804704,0.5305627196804704,20,0.0
1998-10-30 11:21:00+00:00,BBY,0.5266182981317973,0.5266182981317973,20,0.0
1998-10-30 11:22:00+00:00,BBY,0.5276369207164622,0.5276369207164622,20,0.0
1998-10-30 11:23:00+00:00,BBY,0.5275108301893925,0.5275108301893925,20,0.0
1998-10-30 11:24:00+00:00,BBY,0.5109679717080313,0.5109679717080313,20,0.0
1998-10-30 11:25:00+00:00,BBY,0.508411283918315,0.508411283918315,20,0.0
1998-10-30 11:26:00+00:00,BBY,0.5082677323721045,0.5082677323721045,20,0.0
1998-10-30 11:27:00+00:00,BBY,0.4637273700124064,0.4637273700124064,20,0.0
1998-10-30 11:28:00+00:00,BBY,0.4635046842390302,0.4635046842390302,20,0.0
1998-10-30 11:29:00+00:00,BBY,0.46363404820619364,0.46363404820619364,20,0.0
1998-10-30 11:30:00+00:00,BBY,0.46371132854812697,0.46371132854812697,20,0.0
1998-10-30 11:31:00+00:00,BBY,0.46519586059465984,0.46519586059465984,20,0.0
1998-10-30 11:34:00+00:00,BBY,0.47307334660660333,0.47307334660660333,20,0.0
1998-10-30 11:35:00+00:00,BBY,0.46682627540493177,0.46682627540493177,20,0.0
1998-10-30 11:36:00+00:00,BBY,0.46621483091929167,0.46621483091929167,20,0.0
1998-10-30 11:37:00+00:00,BBY,0.46572046925664234,0.46572046925664234,20,0.0
1998-10-30 11:38:00+00:00,BBY,0.5219539005034504,0.5219539005034504,20,0.0
1998-10-30 11:39:00+00:00,BBY,0.521859494746189,0.521859494746189,20,0.0
1998-10-30 11:40:00+00:00,BBY,0.46502001582427926,0.46502001582427926,20,0.0
1998-10-30 11:41:00+00:00,BBY,0.46448369114644816,0.46448369114644816,20,0.0
1998-10-30 11:42:00+00:00,BBY,0.4646092844607401,0.4646092844607401,20,0.0
1998-10-30 11:43:00+00:00,BBY,0.5094693502309501,0.5094693502309501,20,0.0
1998-10-30 11:44:00+00:00,BBY,0.5133235243878504,0.5133235243878504,20,0.0
1998-10-30 11:45:00+00:00,BBY,0.5138155310963608,0.5138155310963608,20,0.0
1998-10-30 11:46:00+00:00,BBY,0.5131278828719145,0.5131278828719145,20,0.0
1998-10-30 11:47:00+00:00,BBY,0.5005380259241935,0.5005380259241935,20,0.0
1998-10-30 11:48:00+00:00,BBY,0.5091260513278187,0.5091260513278187,20,0.0
1998-10-30 11:49:00+00:00,BBY,0.513478481646037,0.513478481646037,20,0.0
1998-10-30 11:50:00+00:00,BBY,0.5160799390235503,0.5160799390235503,20,0.0
1998-10-30 11:51:00+00:00,BBY,0.5405160167016656,0.5405160167016656,20,0.0
1998-10-30 11:52:00+00:00,BBY,0.540273391789556,0.540273391789556,20,0.0
1998-10-30 11:53:00+00:00,BBY,0.5105264951600853,0.5105264951600853,20,0.0
1998-10-30 11:54:00+00:00,BBY,0.5413344934148893,0.5413344934148893,20,0.0
1998-10-30 11:55:00+00:00,BBY,0.5311174182811502,0.5311174182811502,20,0.0
1998-10-30 11:56:00+00:00,BBY,0.5302282863874003,0.5302282863874003,20,0.0
1998-10-30 11:57:00+00:00,BBY,0.5566193296760513,0.5566193296760513,20,109.44659111323338
1998-10-30 11:58:00+00:00,BBY,0.5327571634263295,0.5327571634263295,20,0.0
1998-10-30 11:59:00+00:00,BBY,0.5317561933014733,0.5317561933014733,20,0.0
1998-10-30 12:00:00+00:00,BBY,0.5234055493740253,0.5234055493740253,20,0.0
1998-10-30 12:01:00+00:00,BBY,0.5231329406099088,0.5231329406099088,20,0.0
1998-10-30 12:02:00+00:00,BBY,0.5122357265352351,0.5122357265352351,20,0.0
1998-10-30 12:03:00+00:00,BBY,0.5128509388693501,0.5128509388693501,20,0.0
1998-10-30 12:04:00+00:00,BBY,0.48250205226207493,0.48250205226207493,20,0.0
1998-10-30 12:05:00+00:00,BBY,0.477452278031432,0.477452278031432,20,0.0
1998-10-30 12:06:00+00:00,BBY,0.47783174649455895,0.47783174649455895,20,0.0
1998-10-30 12:07:00+00:00,BBY,0.4911675979523481,0.4911675979523481,20,0.0
1998-10-30 12:08:00+00:00,BBY,0.4680784706570006,0.4680784706570006,20,0.0
1998-10-30 12:11:00+00:00,BBY,0.471672843112793,0.471672843112793,20,0.0
1998-10-30 12:12:00+00:00,BBY,0.49660708411761034,0.49660708411761034,20,0.0
1998-10-30 12:13:00+00:00,BBY,0.4568321475974982,0.4568321475974982,20,0.0
1998-10-30 12:14:00+00:00,BBY,0.49692938406726267,0.49692938406726267,20,0.0
1998-10-30 12:15:00+00:00,BBY,0.47970698540788187,0.47970698540788187,20,0.0
1998-10-30 12:17:00+00:00,BBY,0.49678431347517665,0.49678431347517665,20,0.0
1998-10-30 12:18:00+00:00,BBY,0.5060849801047727,0.5060849801047727,20,0.0
1998-10-30 12:19:00+00:00,BBY,0.49712966801859054,0.49712966801859054,20,0.0
1998-10-30 12:20:00+00:00,BBY,0.497063294838738,0.497063294838738,20,0.0
1998-10-30 12:21:00+00:00,BBY,0.49713953173497344,0.49713953173497344,20,0.0
1998-10-30 12:22:00+00:00,BBY,0.5064472088206449,0.5064472088206449,20,0.0
1998-10-30 12:23:00+00:00,BBY,0.5193865807103288,0.5193865807103288,20,0.0
1998-10-30 12:25:00+00:00,BBY,0.5192422917641085,0.5192422917641085,20,0.0
1998-10-30 12:26:00+00:00,BBY,0.473337952964942,0.473337952964942,20,0.0
1998-10-30 12:28:00+00:00,BBY,0.5029177215868688,0.5029177215868688,20,0.0
1998-10-30 12:29:00+00:00,BBY,0.503957027326639,0.503957027326639,20,0.0
1998-10-30 12:31:00+00:00,BBY,0.4906074763040483,0.4906074763040483,20,0.0
1998-10-30 12:33:00+00:00,BBY,0.49159989964931816,0.49159989964931816,20,0.0
1998-10-30 12:35:00+00:00,BBY,0.5068770913572439,0.5068770913572439,20,0.0
1998-10-30 12:36:00+00:00,BBY,0.4852368382669152,0.4852368382669152,20,0.0
1998-10-30 12:37:00+00:00,BBY,0.48413448591098807,0.48413448591098807,20,0.0
1998-10-30 12:38:00+00:00,BBY,0.4836680182808355,0.4836680182808355,20,0.0
1998-10-30 12:39:00+00:00,BBY,0.4846622606818999,0.4846622606818999,20,0.0
1998-10-30 12:41:00+00:00,BBY,0.48967672694633163,0.48967672694633163,20,0.0
1998-10-30 12:42:00+00:00,BBY,0.48668523689800186,0.48668523689800186,20,0.0
1998-10-30 12:43:00+00:00,BBY,0.4845247555769352,0.4845247555769352,20,0.0
1998-10-30 12:44:00+00:00,BBY,0.4826939398185227,0.4826939398185227,20,0.0
1998-10-30 12:45:00+00:00,BBY,0.48545265801593707,0.48545265801593707,20,0.0
1998-10-30 12:46:00+00:00,BBY,0.48693494056994285,0.48693494056994285,20,0.0
1998-10-30 12:47:00+00:00,BBY,0.491919504125218,0.491919504125218,20,0.0
1998-10-30 12:48:00+00:00,BBY,0.4922318306491793,0.4922318306491793,20,0.0
1998-10-30 12:51:00+00:00,BBY,0.4910920499787394,0.4910920499787394,20,0.0
1998-10-30 12:52:00+00:00,BBY,0.5042267859299792,0.5042267859299792,20,0.0
1998-10-30 12:54:00+00:00,BBY,0.4914354469289957,0.4914354469289957,20,0.0
1998-10-30 12:55:00+00:00,BBY,0.5267914037288143,0.5267914037288143,20,0.0
1998-10-30 12:56:00+00:00,BBY,0.5271938164533038,0.5271938164533038,20,0.0
1998-10-30 12:58:00+00:00,BBY,0.5268718296067303,0.5268718296067303,20,0.0
1998-10-30 12:59:00+00:00,BBY,0.5256153215720359,0.5256153215720359,20,0.0
1998-10-30 13:00:00+00:00,BBY,0.5331740949167424,0.5331740949167424,20,0.0
1998-10-30 13:01:00+00:00,BBY,0.5323001373807743,0.5323001373807743,20,0.0
1998-10-30 13:02:00+00:00,BBY,0.531731277595703,0.531731277595703,20,0.0
1998-10-30 13:03:00+00:00,BBY,0.5108320338234699,0.5108320338234699,20,0.0
1998-10-30 13:05:00+00:00,BBY,0.5048707497440124,0.5048707497440124,20,0.0
1998-10-30 13:06:00+00:00,BBY,0.4833724017105186,0.4833724017105186,20,0.0
1998-10-30 13:07:00+00:00,BBY,0.4940843719335906,0.4940843719335906,20,0.0
1998-10-30 13:08:00+00:00,BBY,0.5036614396045487,0.5036614396045487,20,0.0
1998-10-30 13:09:00+00:00,BBY,0.5058623891425059,0.5058623891425059,20,0.0
1998-10-30 13:10:00+00:00,BBY,0.47710005684971946,0.47710005684971946,20,0.0
1998-10-30 13:11:00+00:00,BBY,0.501630534744117,0.501630534744117,20,0.0
1998-10-30 13:12:00+00:00,BBY,0.47243406352379047,0.47243406352379047,20,0.0
1998-10-30 13:13:00+00:00,BBY,0.4712412298073899,0.4712412298073899,20,0.0
1998-10-30 13:15:00+00:00,BBY,0.5084527182161634,0.5084527182161634,20,0.0
1998-10-30 13:16:00+00:00,BBY,0.4642768007388454,0.4642768007388454,20,0.0
1998-10-30 13:17:00+00:00,BBY,0.4697421566475373,0.4697421566475373,20,0.0
1998-10-30 13:18:00+00:00,BBY,0.4889487394628116,0.4889487394628116,20,0.0
1998-10-30 13:19:00+00:00,BBY,0.4903336919454836,0.4903336919454836,20,0.0
1998-10-30 13:20:00+00:00,BBY,0.49171553531033113,0.49171553531033113,20,0.0
1998-10-30 13:21:00+00:00,BBY,0.4917713199386177,0.4917713199386177,20,0.0
1998-10-30 13:22:00+00:00,BBY,0.497701437320053,0.497701437320053,20,0.0
1998-10-30 13:23:00+00:00,BBY,0.4944413694520535,0.4944413694520535,20,0.0
1998-10-30 13:26:00+00:00,BBY,0.5134395233034056,0.5134395233034056,20,0.0
1998-10-30 13:27:00+00:00,BBY,0.5245827024355301,0.5245827024355301,20,0.0
1998-10-30 13:28:00+00:00,BBY,0.5093656093510734,0.5093656093510734,20,0.0
1998-10-30 13:29:00+00:00,BBY,0.5258254774689786,0.5258254774689786,20,0.0
1998-10-30 13:30:00+00:00,BBY,0.5264648867202417,0.5264648867202417,20,0.0
1998-10-30 13:31:00+00:00,BBY,0.5265692214379242,0.5265692214379242,20,0.0
1998-10-30 13:33:00+00:00,BBY,0.5072611103472571,0.5072611103472571,20,0.0
1998-10-30 13:34:00+00:00,BBY,0.5245777144652839,0.5245777144652839,20,0.0
1998-10-30 13:36:00+00:00,BBY,0.5247448638106403,0.5247448638106403,20,0.0
1998-10-30 13:37:00+00:00,BBY,0.49175585438696795,0.49175585438696795,20,0.0
1998-10-30 13:39:00+00:00,BBY,0.5243073217544715,0.5243073217544715,20,0.0
1998-10-30 13:40:00+00:00,BBY,0.5203453841620947,0.5203453841620947,20,0.0
1998-10-30 13:41:00+00:00,BBY,0.5376852558148549,0.5376852558148549,20,0.0
1998-10-30 13:42:00+00:00,BBY,0.5351960569227492,0.5351960569227492,20,0.0
1998-10-30 13:43:00+00:00,BBY,0.5345032284349303,0.5345032284349303,20,0.0
1998-10-30 13:44:00+00:00,BBY,0.5596376964037423,0.5596376964037423,20,156.8712048285599
1998-10-30 13:45:00+00:00,BBY,0.570106660017446,0.570106660017446,20,326.4227200821539
1998-10-30 13:46:00+00:00,BBY,0.5725352081369174,0.5725352081369174,20,366.3248868483766
1998-10-30 13:47:00+00:00,BBY,0.6003000102495881,0.6003000102495881,20,812.3911670908124
1998-10-30 13:48:00+00:00,BBY,0.6094065386073101,0.6094065386073101,20,959.4699283866097
1998-10-30 13:49:00+00:00,BBY,0.6033885985954683,0.6033885985954683,20,865.6160352623361
1998-10-30 13:50:00+00:00,BBY,0.6007777255368089,0.6007777255368089,20,820.1067058709572
1998-10-30 13:51:00+00:00,BBY,0.5841036300720279,0.5841036300720279,20,550.804814924962
1998-10-30 13:52:00+00:00,BBY,0.5552951879591403,0.5552951879591403,20,85.96503126173624
1998-10-30 13:53:00+00:00,BBY,0.5675341683980574,0.5675341683980574,20,285.4007853165074
1998-10-30 13:54:00+00:00,BBY,0.5463582763063894,0.5463582763063894,20,0.0
1998-10-30 13:55:00+00:00,BBY,0.52019837434708,0.52019837434708,20,0.0
1998-10-30 13:56:00+00:00,BBY,0.5280526970398757,0.5280526970398757,20,0.0
1998-10-30 13:57:00+00:00,BBY,0.471178570972906,0.471178570972906,20,0.0
1998-10-30 13:58:00+00:00,BBY,0.5074759256759482,0.5074759256759482,20,0.0
1998-10-30 13:59:00+00:00,BBY,0.4715155134820244,0.4715155134820244,20,0.0
1998-10-30 14:00:00+00:00,BBY,0.4558037809434901,0.4558037809434901,20,0.0
1998-10-30 14:01:00+00:00,BBY,0.47144745868933974,0.47144745868933974,20,0.0
1998-10-30 14:02:00+00:00,BBY,0.4400342766932189,0.4400342766932189,20,0.0
1998-10-30 14:03:00+00:00,BBY,0.5209873712593975,0.5209873712593975,20,0.0
1998-10-30 14:04:00+00:00,BBY,0.518718945869411,0.518718945869411,20,0.0
1998-10-30 14:05:00+00:00,BBY,0.5201597425343171,0.5201597425343171,20,0.0
1998-10-30 14:06:00+00:00,BBY,0.520107249646049,0.520107249646049,20,0.0
1998-10-30 14:07:00+00:00,BBY,0.47124632693631785,0.47124632693631785,20,0.0
1998-10-30 14:08:00+00:00,BBY,0.47173226654238043,0.47173226654238043,20,0.0
1998-10-30 14:11:00+00:00,BBY,0.46793498867369365,0.46793498867369365,20,0.0
1998-10-30 14:12:00+00:00,BBY,0.5038370793336578,0.5038370793336578,20,0.0
1998-10-30 14:13:00+00:00,BBY,0.4944875182094736,0.4944875182094736,20,0.0
1998-10-30 14:14:00+00:00,BBY,0.5041605506995854,0.5041605506995854,20,0.0
1998-10-30 14:15:00+00:00,BBY,0.4948547747629283,0.4948547747629283,20,0.0
1998-10-30 14:16:00+00:00,BBY,0.4972317356007072,0.4972317356007072,20,0.0
1998-10-30 14:18:00+00:00,BBY,0.5014858642565078,0.5014858642565078,20,0.0
1998-10-30 14:19:00+00:00,BBY,0.5014065359823089,0.5014065359823089,20,0.0
1998-10-30 14:20:00+00:00,BBY,0.5068595600621716,0.5068595600621716,20,0.0
1998-10-30 14:21:00+00:00,BBY,0.4855290800117784,0.4855290800117784,20,0.0
1998-10-30 14:22:00+00:00,BBY,0.48524514508138405,0.48524514508138405,20,0.0
1998-10-30 14:23:00+00:00,BBY,0.48608691719377534,0.48608691719377534,20,0.0
1998-10-30 14:24:00+00:00,BBY,0.47933124406850225,0.47933124406850225,20,0.0
1998-10-30 14:25:00+00:00,BBY,0.4816580655769638,0.4816580655769638,20,0.0
1998-10-30 14:26:00+00:00,BBY,0.4758044358058447,0.4758044358058447,20,0.0
1998-10-30 14:27:00+00:00,BBY,0.484789538820835,0.484789538820835,20,0.0
1998-10-30 14:29:00+00:00,BBY,0.47848651975711837,0.47848651975711837,20,0.0
1998-10-30 14:31:00+00:00,BBY,0.45952475773627666,0.45952475773627666,20,0.0
1998-10-30 14:32:00+00:00,BBY,0.45943596725030234,0.45943596725030234,20,0.0
1998-10-30 14:33:00+00:00,BBY,0.47110246458534094,0.47110246458534094,20,0.0
1998-10-30 14:34:00+00:00,BBY,0.5057444541792387,0.5057444541792387,20,0.0
1998-10-30 14:35:00+00:00,BBY,0.46991220069886847,0.46991220069886847,20,0.0
1998-10-30 14:38:00+00:00,BBY,0.5149508234908211,0.5149508234908211,20,0.0
1998-10-30 14:39:00+00:00,BBY,0.5090024936624984,0.5090024936624984,20,0.0
1998-10-30 14:40:00+00:00,BBY,0.4744316922023238,0.4744316922023238,20,0.0
1998-10-30 14:42:00+00:00,BBY,0.47529042149760736,0.47529042149760736,20,0.0
1998-10-30 14:44:00+00:00,BBY,0.47422642476112,0.47422642476112,20,0.0
1998-10-30 14:45:00+00:00,BBY,0.4789462740913772,0.4789462740913772,20,0.0
1998-10-30 14:46:00+00:00,BBY,0.47761773474597347,0.47761773474597347,20,0.0
1998-10-30 14:49:00+00:00,BBY,0.47673119380244644,0.47673119380244644,20,0.0
1998-10-30 14:50:00+00:00,BBY,0.47090780920835396,0.47090780920835396,20,0.0
1998-10-30 14:51:00+00:00,BBY,0.5056160542390651,0.5056160542390651,20,0.0
1998-10-30 14:53:00+00:00,BBY,0.5144669435027108,0.5144669435027108,20,0.0
1998-10-30 14:54:00+00:00,BBY,0.5243394999918317,0.5243394999918317,20,0.0
1998-10-30 14:55:00+00:00,BBY,0.5014874490832617,0.5014874490832617,20,0.0
1998-10-30 14:56:00+00:00,BBY,0.5044509105001056,0.5044509105001056,20,0.0
1998-10-30 14:57:00+00:00,BBY,0.5049405580484343,0.5049405580484343,20,0.0
1998-10-30 14:58:00+00:00,BBY,0.48819677634919545,0.48819677634919545,20,0.0
1998-10-30 15:00:00+00:00,BBY,0.4663413661293453,0.4663413661293453,20,0.0
1998-10-30 15:01:00+00:00,BBY,0.47364524495045346,0.47364524495045346,20,0.0
1998-10-30 15:02:00+00:00,BBY,0.4753642457068871,0.4753642457068871,20,0.0
1998-10-30 15:03:00+00:00,BBY,0.4768611168247345,0.4768611168247345,20,0.0
1998-10-30 15:04:00+00:00,BBY,0.5040855911425115,0.5040855911425115,20,0.0
1998-10-30 15:05:00+00:00,BBY,0.4941054016375073,0.4941054016375073,20,0.0
1998-10-30 15:06:00+00:00,BBY,0.5037035481903853,0.5037035481903853,20,0.0
1998-10-30 15:07:00+00:00,BBY,0.5036327509091899,0.5036327509091899,20,0.0
1998-10-30 15:08:00+00:00,BBY,0.4961215145051822,0.4961215145051822,20,0.0
1998-10-30 15:09:00+00:00,BBY,0.510467080135517,0.510467080135517,20,0.0
1998-10-30 15:10:00+00:00,BBY,0.4934128896396032,0.4934128896396032,20,0.0
1998-10-30 15:11:00+00:00,BBY,0.5169964877282291,0.5169964877282291,20,0.0
1998-10-30 15:12:00+00:00,BBY,0.510578060622811,0.510578060622811,20,0.0
1998-10-30 15:14:00+00:00,BBY,0.5068666994861553,0.5068666994861553,20,0.0
1998-10-30 15:15:00+00:00,BBY,0.5227638674591438,0.5227638674591438,20,0.0
1998-10-30 15:16:00+00:00,BBY,0.5069412935777087,0.5069412935777087,20,0.0
1998-10-30 15:17:00+00:00,BBY,0.5230782205792647,0.5230782205792647,20,0.0
1998-10-30 15:19:00+00:00,BBY,0.4891918523173682,0.4891918523173682,20,0.0
1998-10-30 15:20:00+00:00,BBY,0.48997235960570623,0.48997235960570623,20,0.0
1998-10-30 15:21:00+00:00,BBY,0.49082355889018625,0.49082355889018625,20,0.0
1998-10-30 15:22:00+00:00,BBY,0.49229841947409386,0.49229841947409386,20,0.0
1998-10-30 15:23:00+00:00,BBY,0.49243298804428204,0.49243298804428204,20,0.0
1998-10-30 15:24:00+00:00,BBY,0.4907066412379061,0.4907066412379061,20,0.0
1998-10-30 15:25:00+00:00,BBY,0.49326776785489507,0.49326776785489507,20,0.0
1998-10-30 15:26:00+00:00,BBY,0.4913845997477831,0.4913845997477831,20,0.0
1998-10-30 15:27:00+00:00,BBY,0.49075202954197034,0.49075202954197034,20,0.0
1998-10-30 15:28:00+00:00,BBY,0.49316153708091015,0.49316153708091015,20,0.0
1998-10-30 15:29:00+00:00,BBY,0.4930451434707616,0.4930451434707616,20,0.0
1998-10-30 15:30:00+00:00,BBY,0.4945843588158921,0.4945843588158921,20,0.0
1998-10-30 15:31:00+00:00,BBY,0.4984717179220457,0.4984717179220457,20,0.0
1998-10-30 15:34:00+00:00,BBY,0.4964455252863453,0.4964455252863453,20,0.0
1998-10-30 15:35:00+00:00,BBY,0.5052585847812018,0.5052585847812018,20,0.0
1998-10-30 15:36:00+00:00,BBY,0.48703613003805096,0.48703613003805096,20,0.0
1998-10-30 15:37:00+00:00,BBY,0.4627174314678411,0.4627174314678411,20,0.0
1998-10-30 15:38:00+00:00,BBY,0.43775357251131497,0.43775357251131497,20,0.0
1998-10-30 15:39:00+00:00,BBY,0.4604599736179475,0.4604599736179475,20,0.0
1998-10-30 15:41:00+00:00,BBY,0.46078593831471276,0.46078593831471276,20,0.0
1998-10-30 15:42:00+00:00,BBY,0.46090749079164023,0.46090749079164023,20,0.0
1998-10-30 15:44:00+00:00,BBY,0.46156528590391155,0.46156528590391155,20,0.0
1998-10-30 15:45:00+00:00,BBY,0.5012776135806365,0.5012776135806365,20,0.0
1998-10-30 15:46:00+00:00,BBY,0.4986254011124303,0.4986254011124303,20,0.0
1998-10-30 15:47:00+00:00,BBY,0.5015879587097866,0.5015879587097866,20,0.0
1998-10-30 15:48:00+00:00,BBY,0.5129647430846509,0.5129647430846509,20,0.0
1998-10-30 15:50:00+00:00,BBY,0.48033211796694975,0.48033211796694975,20,0.0
1998-10-30 15:52:00+00:00,BBY,0.47555621061320286,0.47555621061320286,20,0.0
1998-10-30 15:53:00+00:00,BBY,0.5407078737211961,0.5407078737211961,20,0.0
1998-10-30 15:54:00+00:00,BBY,0.5182882219583099,0.5182882219583099,20,0.0
1998-10-30 15:55:00+00:00,BBY,0.5135257638782946,0.5135257638782946,20,0.0
1998-10-30 15:56:00+00:00,BBY,0.5131937252678621,0.5131937252678621,20,0.0
1998-10-30 15:57:00+00:00,BBY,0.5557079006254554,0.5557079006254554,20,93.14763270383995
1998-10-30 15:58:00+00:00,BBY,0.47231234075971346,0.47231234075971346,20,0.0
1998-10-30 15:59:00+00:00,BBY,0.5398750034881612,0.5398750034881612,20,0.0
1998-11-02 09:33:00+00:00,BBY,0.5671474995685819,0.5671474995685819,20,277.665318746833
1998-11-02 09:34:00+00:00,BBY,0.5656214538158675,0.5656214538158675,20,252.62717421894575
1998-11-02 09:35:00+00:00,BBY,0.5654900277835592,0.5654900277835592,20,250.5017774695643
1998-11-02 09:36:00+00:00,BBY,0.5465396783041095,0.5465396783041095,20,0.0
1998-11-02 09:37:00+00:00,BBY,0.5476533624809174,0.5476533624809174,20,0.0
1998-11-02 09:38:00+00:00,BBY,0.5471969052924616,0.5471969052924616,20,0.0
1998-11-02 09:39:00+00:00,BBY,0.5633667015788055,0.5633667015788055,20,215.32800643491322
1998-11-02 09:40:00+00:00,BBY,0.5475698283735825,0.5475698283735825,20,0.0
1998-11-02 09:41:00+00:00,BBY,0.5604543980798683,0.5604543980798683,20,167.5518551673869
1998-11-02 09:42:00+00:00,BBY,0.5632043880487796,0.5632043880487796,20,212.1698164425819
1998-11-02 09:43:00+00:00,BBY,0.5179883512620536,0.5179883512620536,20,0.0
1998-11-02 09:44:00+00:00,BBY,0.5645407768456592,0.5645407768456592,20,233.04394164564602
1998-11-02 09:45:00+00:00,BBY,0.5650356837080412,0.5650356837080412,20,241.59531215221116
1998-11-02 09:46:00+00:00,BBY,0.5641128876468428,0.5641128876468428,20,226.18619349792274
1998-11-02 09:47:00+00:00,BBY,0.5335673105995347,0.5335673105995347,20,0.0
1998-11-02 09:48:00+00:00,BBY,0.5249268910871372,0.5249268910871372,20,0.0
1998-11-02 09:49:00+00:00,BBY,0.5131718923753059,0.5131718923753059,20,0.0
1998-11-02 09:50:00+00:00,BBY,0.5151064931974942,0.5151064931974942,20,0.0
1998-11-02 09:51:00+00:00,BBY,0.5194609761689806,0.5194609761689806,20,0.0
1998-11-02 09:52:00+00:00,BBY,0.5088541290210737,0.5088541290210737,20,0.0
1998-11-02 09:54:00+00:00,BBY,0.5083614337986154,0.5083614337986154,20,0.0
1998-11-02 09:56:00+00:00,BBY,0.4727672659888034,0.4727672659888034,20,0.0
1998-11-02 09:57:00+00:00,BBY,0.47708919473209477,0.47708919473209477,20,0.0
1998-11-02 09:58:00+00:00,BBY,0.4664950027059866,0.4664950027059866,20,0.0
1998-11-02 09:59:00+00:00,BBY,0.4759628254598441,0.4759628254598441,20,0.0
1998-11-02 10:00:00+00:00,BBY,0.4612277959753104,0.4612277959753104,20,0.0
1998-11-02 10:01:00+00:00,BBY,0.45807791154223504,0.45807791154223504,20,0.0
1998-11-02 10:02:00+00:00,BBY,0.45823599138340987,0.45823599138340987,20,0.0
1998-11-02 10:03:00+00:00,BBY,0.4505249929955034,0.4505249929955034,20,0.0
1998-11-02 10:04:00+00:00,BBY,0.46239240154382466,0.46239240154382466,20,0.0
1998-11-02 10:05:00+00:00,BBY,0.45134108755067415,0.45134108755067415,20,0.0
1998-11-02 10:06:00+00:00,BBY,0.4620776446172963,0.4620776446172963,20,0.0
1998-11-02 10:07:00+00:00,BBY,0.47479504248643906,0.47479504248643906,20,0.0
1998-11-02 10:09:00+00:00,BBY,0.4711698521022978,0.4711698521022978,20,0.0
1998-11-02 10:10:00+00:00,BBY,0.472103983298284,0.472103983298284,20,0.0
1998-11-02 10:11:00+00:00,BBY,0.461578376124051,0.461578376124051,20,0.0
1998-11-02 10:12:00+00:00,BBY,0.5076673558477024,0.5076673558477024,20,0.0
1998-11-02 10:15:00+00:00,BBY,0.46920284486044167,0.46920284486044167,20,0.0
1998-11-02 10:16:00+00:00,BBY,0.4698527543852501,0.4698527543852501,20,0.0
1998-11-02 10:18:00+00:00,BBY,0.4747833722244641,0.4747833722244641,20,0.0
1998-11-02 10:20:00+00:00,BBY,0.47702151391905645,0.47702151391905645,20,0.0
1998-11-02 10:22:00+00:00,BBY,0.4776868019434365,0.4776868019434365,20,0.0
1998-11-02 10:23:00+00:00,BBY,0.47783500980616056,0.47783500980616056,20,0.0
1998-11-02 10:24:00+00:00,BBY,0.4793885651565363,0.4793885651565363,20,0.0
1998-11-02 10:25:00+00:00,BBY,0.48209271738931664,0.48209271738931664,20,0.0
1998-11-02 10:29:00+00:00,BBY,0.5032884257575523,0.5032884257575523,20,0.0
1998-11-02 10:30:00+00:00,BBY,0.4970528079617714,0.4970528079617714,20,0.0
1998-11-02 10:31:00+00:00,BBY,0.5089558192156897,0.5089558192156897,20,0.0
1998-11-02 10:32:00+00:00,BBY,0.5093574637725813,0.5093574637725813,20,0.0
1998-11-02 10:34:00+00:00,BBY,0.5089828401595905,0.5089828401595905,20,0.0
1998-11-02 10:35:00+00:00,BBY,0.5374220635598074,0.5374220635598074,20,0.0
1998-11-02 10:36:00+00:00,BBY,0.5402982612751085,0.5402982612751085,20,0.0
1998-11-02 10:37:00+00:00,BBY,0.5345953052723936,0.5345953052723936,20,0.0
1998-11-02 10:38:00+00:00,BBY,0.5644236040669304,0.5644236040669304,20,228.24685753411123
1998-11-02 10:39:00+00:00,BBY,0.5360461759111094,0.5360461759111094,20,0.0
1998-11-02 10:40:00+00:00,BBY,0.5147125307754763,0.5147125307754763,20,0.0
1998-11-02 10:41:00+00:00,BBY,0.508131207129394,0.508131207129394,20,0.0
1998-11-02 10:42:00+00:00,BBY,0.5081041213447843,0.5081041213447843,20,0.0
1998-11-02 10:43:00+00:00,BBY,0.5167160462097448,0.5167160462097448,20,0.0
1998-11-02 10:44:00+00:00,BBY,0.527041895438289,0.527041895438289,20,0.0
1998-11-02 10:45:00+00:00,BBY,0.5266666368610239,0.5266666368610239,20,0.0
1998-11-02 10:46:00+00:00,BBY,0.5252532122278935,0.5252532122278935,20,0.0
1998-11-02 10:47:00+00:00,BBY,0.5143076036424266,0.5143076036424266,20,0.0
1998-11-02 10:48:00+00:00,BBY,0.5229321674472949,0.5229321674472949,20,0.0
1998-11-02 10:49:00+00:00,BBY,0.5163790879487618,0.5163790879487618,20,0.0
1998-11-02 10:52:00+00:00,BBY,0.5082591835784779,0.5082591835784779,20,0.0
1998-11-02 10:53:00+00:00,BBY,0.4737308742623067,0.4737308742623067,20,0.0
1998-11-02 10:54:00+00:00,BBY,0.47593088139032913,0.47593088139032913,20,0.0
1998-11-02 10:55:00+00:00,BBY,0.47595055135504194,0.47595055135504194,20,0.0
1998-11-02 10:57:00+00:00,BBY,0.4772635313260716,0.4772635313260716,20,0.0
1998-11-02 10:58:00+00:00,BBY,0.4785879056986661,0.4785879056986661,20,0.0
1998-11-02 10:59:00+00:00,BBY,0.46269906684358497,0.46269906684358497,20,0.0
1998-11-02 11:00:00+00:00,BBY,0.47524892377094746,0.47524892377094746,20,0.0
1998-11-02 11:02:00+00:00,BBY,0.4717154425755099,0.4717154425755099,20,0.0
1998-11-02 11:03:00+00:00,BBY,0.48235829085043247,0.48235829085043247,20,0.0
1998-11-02 11:04:00+00:00,BBY,0.49381807345885403,0.49381807345885403,20,0.0
1998-11-02 11:05:00+00:00,BBY,0.49466653533356075,0.49466653533356075,20,0.0
1998-11-02 11:06:00+00:00,BBY,0.5034508939594654,0.5034508939594654,20,0.0
1998-11-02 11:08:00+00:00,BBY,0.5034047919735253,0.5034047919735253,20,0.0
1998-11-02 11:10:00+00:00,BBY,0.4944946622259131,0.4944946622259131,20,0.0
1998-11-02 11:11:00+00:00,BBY,0.49415539586790264,0.49415539586790264,20,0.0
1998-11-02 11:16:00+00:00,BBY,0.4948715216429519,0.4948715216429519,20,0.0
1998-11-02 11:17:00+00:00,BBY,0.5033025070203172,0.5033025070203172,20,0.0
1998-11-02 11:18:00+00:00,BBY,0.5038430625315627,0.5038430625315627,20,0.0
1998-11-02 11:19:00+00:00,BBY,0.5106101965800824,0.5106101965800824,20,0.0
1998-11-02 11:20:00+00:00,BBY,0.5308830025528463,0.5308830025528463,20,0.0
1998-11-02 11:21:00+00:00,BBY,0.5245880000694139,0.5245880000694139,20,0.0
1998-11-02 11:23:00+00:00,BBY,0.5300163177747153,0.5300163177747153,20,0.0
1998-11-02 11:24:00+00:00,BBY,0.5252681613414518,0.5252681613414518,20,0.0
1998-11-02 11:25:00+00:00,BBY,0.5216733231424826,0.5216733231424826,20,0.0
1998-11-02 11:26:00+00:00,BBY,0.528723363417128,0.528723363417128,20,0.0
1998-11-02 11:27:00+00:00,BBY,0.5356576404221851,0.5356576404221851,20,0.0
1998-11-02 11:28:00+00:00,BBY,0.5206024930532518,0.5206024930532518,20,0.0
1998-11-02 11:29:00+00:00,BBY,0.5169968726141906,0.5169968726141906,20,0.0
1998-11-02 11:30:00+00:00,BBY,0.5058131311553415,0.5058131311553415,20,0.0
1998-11-02 11:31:00+00:00,BBY,0.5076173882425985,0.5076173882425985,20,0.0
1998-11-02 11:32:00+00:00,BBY,0.5073549288649212,0.5073549288649212,20,0.0
1998-11-02 11:33:00+00:00,BBY,0.5071939838903421,0.5071939838903421,20,0.0
1998-11-02 11:34:00+00:00,BBY,0.5071290142289737,0.5071290142289737,20,0.0
1998-11-02 11:35:00+00:00,BBY,0.4938606315415843,0.4938606315415843,20,0.0
1998-11-02 11:36:00+00:00,BBY,0.4944763182089141,0.4944763182089141,20,0.0
1998-11-02 11:37:00+00:00,BBY,0.5072184801439981,0.5072184801439981,20,0.0
1998-11-02 11:38:00+00:00,BBY,0.475307736684791,0.475307736684791,20,0.0
1998-11-02 11:39:00+00:00,BBY,0.4717240294665501,0.4717240294665501,20,0.0
1998-11-02 11:40:00+00:00,BBY,0.4427786057821252,0.4427786057821252,20,0.0
1998-11-02 11:41:00+00:00,BBY,0.44271034552345184,0.44271034552345184,20,0.0
1998-11-02 11:42:00+00:00,BBY,0.4742730357865744,0.4742730357865744,20,0.0
1998-11-02 11:43:00+00:00,BBY,0.47043102282027544,0.47043102282027544,20,0.0
1998-11-02 11:45:00+00:00,BBY,0.47292019550288783,0.47292019550288783,20,0.0
1998-11-02 11:46:00+00:00,BBY,0.4777271714095917,0.4777271714095917,20,0.0
1998-11-02 11:48:00+00:00,BBY,0.47896018285526865,0.47896018285526865,20,0.0
1998-11-02 11:49:00+00:00,BBY,0.4800915722747981,0.4800915722747981,20,0.0
1998-11-02 11:50:00+00:00,BBY,0.5129790765138356,0.5129790765138356,20,0.0
1998-11-02 11:52:00+00:00,BBY,0.5125611591176842,0.5125611591176842,20,0.0
1998-11-02 11:54:00+00:00,BBY,0.4733063556053887,0.4733063556053887,20,0.0
1998-11-02 11:56:00+00:00,BBY,0.47807072287902463,0.47807072287902463,20,0.0
1998-11-02 11:57:00+00:00,BBY,0.4813618623714367,0.4813618623714367,20,0.0
1998-11-02 11:58:00+00:00,BBY,0.50355537182657,0.50355537182657,20,0.0
1998-11-02 11:59:00+00:00,BBY,0.5037905408069879,0.5037905408069879,20,0.0
1998-11-02 12:01:00+00:00,BBY,0.503629848756278,0.503629848756278,20,0.0
1998-11-02 12:02:00+00:00,BBY,0.4933090060109555,0.4933090060109555,20,0.0
1998-11-02 12:06:00+00:00,BBY,0.4925360227247289,0.4925360227247289,20,0.0
1998-11-02 12:07:00+00:00,BBY,0.49302031859160134,0.49302031859160134,20,0.0
1998-11-02 12:08:00+00:00,BBY,0.4938588338500526,0.4938588338500526,20,0.0
1998-11-02 12:10:00+00:00,BBY,0.4945873970291426,0.4945873970291426,20,0.0
1998-11-02 12:12:00+00:00,BBY,0.5065025190822919,0.5065025190822919,20,0.0
1998-11-02 12:13:00+00:00,BBY,0.5066945839437181,0.5066945839437181,20,0.0
1998-11-02 12:14:00+00:00,BBY,0.519308566610289,0.519308566610289,20,0.0
1998-11-02 12:15:00+00:00,BBY,0.5164586254314688,0.5164586254314688,20,0.0
1998-11-02 12:16:00+00:00,BBY,0.5164705304402066,0.5164705304402066,20,0.0
1998-11-02 12:18:00+00:00,BBY,0.5162421408536465,0.5162421408536465,20,0.0
1998-11-02 12:19:00+00:00,BBY,0.5211452329458496,0.5211452329458496,20,0.0
1998-11-02 12:20:00+00:00,BBY,0.5170127233003411,0.5170127233003411,20,0.0
1998-11-02 12:21:00+00:00,BBY,0.5068498025666912,0.5068498025666912,20,0.0
1998-11-02 12:22:00+00:00,BBY,0.5065583458018773,0.5065583458018773,20,0.0
1998-11-02 12:23:00+00:00,BBY,0.506849157718757,0.506849157718757,20,0.0
1998-11-02 12:24:00+00:00,BBY,0.5187688189839781,0.5187688189839781,20,0.0
1998-11-02 12:26:00+00:00,BBY,0.5177309324616476,0.5177309324616476,20,0.0
1998-11-02 12:27:00+00:00,BBY,0.4842986764524649,0.4842986764524649,20,0.0
1998-11-02 12:28:00+00:00,BBY,0.50656724150502,0.50656724150502,20,0.0
1998-11-02 12:29:00+00:00,BBY,0.5068915686158594,0.5068915686158594,20,0.0
1998-11-02 12:30:00+00:00,BBY,0.4934552740416894,0.4934552740416894,20,0.0
1998-11-02 12:31:00+00:00,BBY,0.49368389368270155,0.49368389368270155,20,0.0
1998-11-02 12:33:00+00:00,BBY,0.5033745962076067,0.5033745962076067,20,0.0
1998-11-02 12:34:00+00:00,BBY,0.4938443375765354,0.4938443375765354,20,0.0
1998-11-02 12:35:00+00:00,BBY,0.4949129531764095,0.4949129531764095,20,0.0
1998-11-02 12:36:00+00:00,BBY,0.495245173830939,0.495245173830939,20,0.0
1998-11-02 12:37:00+00:00,BBY,0.49542609902018125,0.49542609902018125,20,0.0
1998-11-02 12:38:00+00:00,BBY,0.4965484941580563,0.4965484941580563,20,0.0
1998-11-02 12:39:00+00:00,BBY,0.4968530805088011,0.4968530805088011,20,0.0
1998-11-02 12:41:00+00:00,BBY,0.4966102532368879,0.4966102532368879,20,0.0
1998-11-02 12:42:00+00:00,BBY,0.49681802505500544,0.49681802505500544,20,0.0
1998-11-02 12:43:00+00:00,BBY,0.4977228752527064,0.4977228752527064,20,0.0
1998-11-02 12:44:00+00:00,BBY,0.4952549481006933,0.4952549481006933,20,0.0
1998-11-02 12:47:00+00:00,BBY,0.4973782198926505,0.4973782198926505,20,0.0
1998-11-02 12:48:00+00:00,BBY,0.5096016221301775,0.5096016221301775,20,0.0
1998-11-02 12:50:00+00:00,BBY,0.5099131141117375,0.5099131141117375,20,0.0
1998-11-02 12:51:00+00:00,BBY,0.5035274040145307,0.5035274040145307,20,0.0
1998-11-02 12:52:00+00:00,BBY,0.5104632951713232,0.5104632951713232,20,0.0
1998-11-02 12:53:00+00:00,BBY,0.5069477288698118,0.5069477288698118,20,0.0
1998-11-02 12:54:00+00:00,BBY,0.5212203331009162,0.5212203331009162,20,0.0
1998-11-02 12:55:00+00:00,BBY,0.5289990501602723,0.5289990501602723,20,0.0
1998-11-02 12:56:00+00:00,BBY,0.5275338287255537,0.5275338287255537,20,0.0
1998-11-02 12:57:00+00:00,BBY,0.527175193785318,0.527175193785318,20,0.0
1998-11-02 12:58:00+00:00,BBY,0.4935163444607107,0.4935163444607107,20,0.0
1998-11-02 12:59:00+00:00,BBY,0.4914678546631681,0.4914678546631681,20,0.0
1998-11-02 13:00:00+00:00,BBY,0.4941424374319042,0.4941424374319042,20,0.0
1998-11-02 13:01:00+00:00,BBY,0.49101323077313125,0.49101323077313125,20,0.0
1998-11-02 13:02:00+00:00,BBY,0.4906886493890872,0.4906886493890872,20,0.0
1998-11-02 13:03:00+00:00,BBY,0.49417113995894124,0.49417113995894124,20,0.0
1998-11-02 13:04:00+00:00,BBY,0.5044986540327361,0.5044986540327361,20,0.0
1998-11-02 13:05:00+00:00,BBY,0.48791108973501024,0.48791108973501024,20,0.0
1998-11-02 13:06:00+00:00,BBY,0.48764209001689357,0.48764209001689357,20,0.0
1998-11-02 13:07:00+00:00,BBY,0.4747666383898858,0.4747666383898858,20,0.0
1998-11-02 13:10:00+00:00,BBY,0.4760696287066153,0.4760696287066153,20,0.0
1998-11-02 13:13:00+00:00,BBY,0.5058453355045144,0.5058453355045144,20,0.0
1998-11-02 13:14:00+00:00,BBY,0.511469960676672,0.511469960676672,20,0.0
1998-11-02 13:15:00+00:00,BBY,0.4716764410741229,0.4716764410741229,20,0.0
1998-11-02 13:17:00+00:00,BBY,0.4778185566677595,0.4778185566677595,20,0.0
1998-11-02 13:18:00+00:00,BBY,0.4795906439156283,0.4795906439156283,20,0.0
1998-11-02 13:19:00+00:00,BBY,0.4771936791789866,0.4771936791789866,20,0.0
1998-11-02 13:20:00+00:00,BBY,0.4707162827607786,0.4707162827607786,20,0.0
1998-11-02 13:21:00+00:00,BBY,0.467888371767207,0.467888371767207,20,0.0
1998-11-02 13:22:00+00:00,BBY,0.4685794718896701,0.4685794718896701,20,0.0
1998-11-02 13:23:00+00:00,BBY,0.4790100454789812,0.4790100454789812,20,0.0
1998-11-02 13:24:00+00:00,BBY,0.4676287920556766,0.4676287920556766,20,0.0
1998-11-02 13:25:00+00:00,BBY,0.4728326939073888,0.4728326939073888,20,0.0
1998-11-02 13:26:00+00:00,BBY,0.4775911020259886,0.4775911020259886,20,0.0
1998-11-02 13:28:00+00:00,BBY,0.4736984719730487,0.4736984719730487,20,0.0
1998-11-02 13:29:00+00:00,BBY,0.48043360604167856,0.48043360604167856,20,0.0
1998-11-02 13:30:00+00:00,BBY,0.48759627708107484,0.48759627708107484,20,0.0
1998-11-02 13:31:00+00:00,BBY,0.5046171623121665,0.5046171623121665,20,0.0
1998-11-02 13:32:00+00:00,BBY,0.5044820900797036,0.5044820900797036,20,0.0
1998-11-02 13:33:00+00:00,BBY,0.5043810892439089,0.5043810892439089,20,0.0
1998-11-02 13:34:00+00:00,BBY,0.5041744794550609,0.5041744794550609,20,0.0
1998-11-02 13:35:00+00:00,BBY,0.5304751376497315,0.5304751376497315,20,0.0
1998-11-02 13:36:00+00:00,BBY,0.5069888537169178,0.5069888537169178,20,0.0
1998-11-02 13:37:00+00:00,BBY,0.5075342885176085,0.5075342885176085,20,0.0
1998-11-02 13:38:00+00:00,BBY,0.5278567365380787,0.5278567365380787,20,0.0
1998-11-02 13:39:00+00:00,BBY,0.5246111940125269,0.5246111940125269,20,0.0
1998-11-02 13:40:00+00:00,BBY,0.5305701838253667,0.5305701838253667,20,0.0
1998-11-02 13:41:00+00:00,BBY,0.5050037029335387,0.5050037029335387,20,0.0
1998-11-02 13:42:00+00:00,BBY,0.5262755890911177,0.5262755890911177,20,0.0
1998-11-02 13:43:00+00:00,BBY,0.5055305010463849,0.5055305010463849,20,0.0
1998-11-02 13:44:00+00:00,BBY,0.5253011367882624,0.5253011367882624,20,0.0
1998-11-02 13:46:00+00:00,BBY,0.514739408665266,0.514739408665266,20,0.0
1998-11-02 13:47:00+00:00,BBY,0.47645466236986883,0.47645466236986883,20,0.0
1998-11-02 13:52:00+00:00,BBY,0.4716155283771812,0.4716155283771812,20,0.0
1998-11-02 13:53:00+00:00,BBY,0.4730395120637838,0.4730395120637838,20,0.0
1998-11-02 13:55:00+00:00,BBY,0.47612750385548763,0.47612750385548763,20,0.0
1998-11-02 13:56:00+00:00,BBY,0.4802306539617423,0.4802306539617423,20,0.0
1998-11-02 13:57:00+00:00,BBY,0.4749664574915443,0.4749664574915443,20,0.0
1998-11-02 13:58:00+00:00,BBY,0.4652776188769707,0.4652776188769707,20,0.0
1998-11-02 13:59:00+00:00,BBY,0.4765016286721683,0.4765016286721683,20,0.0
1998-11-02 14:01:00+00:00,BBY,0.47815068908536845,0.47815068908536845,20,0.0
1998-11-02 14:02:00+00:00,BBY,0.48896981408003165,0.48896981408003165,20,0.0
1998-11-02 14:03:00+00:00,BBY,0.48892582859427686,0.48892582859427686,20,0.0
1998-11-02 14:06:00+00:00,BBY,0.49029464048263527,0.49029464048263527,20,0.0
1998-11-02 14:07:00+00:00,BBY,0.4921114295517862,0.4921114295517862,20,0.0
1998-11-02 14:08:00+00:00,BBY,0.469006695696169,0.469006695696169,20,0.0
1998-11-02 14:10:00+00:00,BBY,0.4883560709546058,0.4883560709546058,20,0.0
1998-11-02 14:13:00+00:00,BBY,0.49242599188844177,0.49242599188844177,20,0.0
1998-11-02 14:15:00+00:00,BBY,0.4913324338636571,0.4913324338636571,20,0.0
1998-11-02 14:18:00+00:00,BBY,0.4911002907444259,0.4911002907444259,20,0.0
1998-11-02 14:19:00+00:00,BBY,0.4946457534666639,0.4946457534666639,20,0.0
1998-11-02 14:20:00+00:00,BBY,0.49310959547434974,0.49310959547434974,20,0.0
1998-11-02 14:21:00+00:00,BBY,0.5035031752863078,0.5035031752863078,20,0.0
1998-11-02 14:23:00+00:00,BBY,0.4944475917901506,0.4944475917901506,20,0.0
1998-11-02 14:25:00+00:00,BBY,0.49464685020927485,0.49464685020927485,20,0.0
1998-11-02 14:26:00+00:00,BBY,0.5032763150589835,0.5032763150589835,20,0.0
1998-11-02 14:28:00+00:00,BBY,0.47675979373132465,0.47675979373132465,20,0.0
1998-11-02 14:29:00+00:00,BBY,0.5033249026493968,0.5033249026493968,20,0.0
1998-11-02 14:31:00+00:00,BBY,0.49343132815504154,0.49343132815504154,20,0.0
1998-11-02 14:33:00+00:00,BBY,0.47721287703325616,0.47721287703325616,20,0.0
1998-11-02 14:34:00+00:00,BBY,0.47874477834159124,0.47874477834159124,20,0.0
1998-11-02 14:36:00+00:00,BBY,0.48117915121488447,0.48117915121488447,20,0.0
1998-11-02 14:37:00+00:00,BBY,0.48019902851083296,0.48019902851083296,20,0.0
1998-11-02 14:38:00+00:00,BBY,0.47424618018295417,0.47424618018295417,20,0.0
1998-11-02 14:39:00+00:00,BBY,0.4798695699111143,0.4798695699111143,20,0.0
1998-11-02 14:40:00+00:00,BBY,0.47336138913827747,0.47336138913827747,20,0.0
1998-11-02 14:42:00+00:00,BBY,0.4764590600079689,0.4764590600079689,20,0.0
1998-11-02 14:43:00+00:00,BBY,0.47753409642720857,0.47753409642720857,20,0.0
1998-11-02 14:44:00+00:00,BBY,0.478881969799495,0.478881969799495,20,0.0
1998-11-02 14:45:00+00:00,BBY,0.4798218988089312,0.4798218988089312,20,0.0
1998-11-02 14:47:00+00:00,BBY,0.4814592096521172,0.4814592096521172,20,0.0
1998-11-02 14:48:00+00:00,BBY,0.4822936259325784,0.4822936259325784,20,0.0
1998-11-02 14:49:00+00:00,BBY,0.4794999741528077,0.4794999741528077,20,0.0
1998-11-02 14:50:00+00:00,BBY,0.48447602118058225,0.48447602118058225,20,0.0
1998-11-02 14:51:00+00:00,BBY,0.4836415271885284,0.4836415271885284,20,0.0
1998-11-02 14:52:00+00:00,BBY,0.5034202213081608,0.5034202213081608,20,0.0
1998-11-02 14:53:00+00:00,BBY,0.4971269298484998,0.4971269298484998,20,0.0
1998-11-02 14:54:00+00:00,BBY,0.4989759383214913,0.4989759383214913,20,0.0
1998-11-02 14:55:00+00:00,BBY,0.5034783603597512,0.5034783603597512,20,0.0
1998-11-02 14:56:00+00:00,BBY,0.49433895337660794,0.49433895337660794,20,0.0
1998-11-02 14:58:00+00:00,BBY,0.5032479902993324,0.5032479902993324,20,0.0
1998-11-02 14:59:00+00:00,BBY,0.5032265426533093,0.5032265426533093,20,0.0
1998-11-02 15:00:00+00:00,BBY,0.5035415216047616,0.5035415216047616,20,0.0
1998-11-02 15:01:00+00:00,BBY,0.503713020131695,0.503713020131695,20,0.0
1998-11-02 15:02:00+00:00,BBY,0.5088574268394322,0.5088574268394322,20,0.0
1998-11-02 15:03:00+00:00,BBY,0.50339961013092,0.50339961013092,20,0.0
1998-11-02 15:04:00+00:00,BBY,0.48105456185160667,0.48105456185160667,20,0.0
1998-11-02 15:05:00+00:00,BBY,0.5034678306981377,0.5034678306981377,20,0.0
1998-11-02 15:06:00+00:00,BBY,0.4833707617234466,0.4833707617234466,20,0.0
1998-11-02 15:07:00+00:00,BBY,0.476977705075715,0.476977705075715,20,0.0
1998-11-02 15:08:00+00:00,BBY,0.480038893645492,0.480038893645492,20,0.0
1998-11-02 15:09:00+00:00,BBY,0.4816009967470039,0.4816009967470039,20,0.0
1998-11-02 15:10:00+00:00,BBY,0.47823306156127954,0.47823306156127954,20,0.0
1998-11-02 15:11:00+00:00,BBY,0.48011489332110713,0.48011489332110713,20,0.0
1998-11-02 15:12:00+00:00,BBY,0.48125122530783354,0.48125122530783354,20,0.0
1998-11-02 15:13:00+00:00,BBY,0.4734459639825898,0.4734459639825898,20,0.0
1998-11-02 15:14:00+00:00,BBY,0.47321425619280255,0.47321425619280255,20,0.0
1998-11-02 15:17:00+00:00,BBY,0.4706567045869932,0.4706567045869932,20,0.0
1998-11-02 15:18:00+00:00,BBY,0.48595030529859756,0.48595030529859756,20,0.0
1998-11-02 15:19:00+00:00,BBY,0.5067631447909672,0.5067631447909672,20,0.0
1998-11-02 15:20:00+00:00,BBY,0.5072060865721497,0.5072060865721497,20,0.0
1998-11-02 15:21:00+00:00,BBY,0.5068479947863226,0.5068479947863226,20,0.0
1998-11-02 15:28:00+00:00,BBY,0.5068706692966276,0.5068706692966276,20,0.0
1998-11-02 15:29:00+00:00,BBY,0.507007949762553,0.507007949762553,20,0.0
1998-11-02 15:30:00+00:00,BBY,0.5068953004555914,0.5068953004555914,20,0.0
1998-11-02 15:31:00+00:00,BBY,0.5104688772378393,0.5104688772378393,20,0.0
1998-11-02 15:32:00+00:00,BBY,0.5334476971388036,0.5334476971388036,20,0.0
1998-11-02 15:33:00+00:00,BBY,0.4899439702447752,0.4899439702447752,20,0.0
1998-11-02 15:34:00+00:00,BBY,0.5255123678025124,0.5255123678025124,20,0.0
1998-11-02 15:35:00+00:00,BBY,0.5248647320590635,0.5248647320590635,20,0.0
1998-11-02 15:37:00+00:00,BBY,0.525958087132905,0.525958087132905,20,0.0
1998-11-02 15:38:00+00:00,BBY,0.4788780980863214,0.4788780980863214,20,0.0
1998-11-02 15:39:00+00:00,BBY,0.4737210474831459,0.4737210474831459,20,0.0
1998-11-02 15:40:00+00:00,BBY,0.47391268454309465,0.47391268454309465,20,0.0
1998-11-02 15:41:00+00:00,BBY,0.4694040531669368,0.4694040531669368,20,0.0
1998-11-02 15:42:00+00:00,BBY,0.4801042679093815,0.4801042679093815,20,0.0
1998-11-02 15:43:00+00:00,BBY,0.4701867386518511,0.4701867386518511,20,0.0
1998-11-02 15:45:00+00:00,BBY,0.4915670547291937,0.4915670547291937,20,0.0
1998-11-02 15:46:00+00:00,BBY,0.5121649948281763,0.5121649948281763,20,0.0
1998-11-02 15:47:00+00:00,BBY,0.4929637745477008,0.4929637745477008,20,0.0
1998-11-02 15:48:00+00:00,BBY,0.5034403768585348,0.5034403768585348,20,0.0
1998-11-02 15:49:00+00:00,BBY,0.5034271284887732,0.5034271284887732,20,0.0
1998-11-02 15:50:00+00:00,BBY,0.5033260960608056,0.5033260960608056,20,0.0
1998-11-02 15:51:00+00:00,BBY,0.5033966459670859,0.5033966459670859,20,0.0
1998-11-02 15:52:00+00:00,BBY,0.503091506301079,0.503091506301079,20,0.0
1998-11-02 15:53:00+00:00,BBY,0.5033180992348959,0.5033180992348959,20,0.0
1998-11-02 15:54:00+00:00,BBY,0.5033537002452012,0.5033537002452012,20,0.0
1998-11-02 15:55:00+00:00,BBY,0.5033429630314765,0.5033429630314765,20,0.0
1998-11-02 15:56:00+00:00,BBY,0.5033840613213908,0.5033840613213908,20,0.0
1998-11-02 15:57:00+00:00,BBY,0.49277937841950603,0.49277937841950603,20,0.0
1998-11-02 15:58:00+00:00,BBY,0.49497900673204653,0.49497900673204653,20,0.0
1998-11-02 15:59:00+00:00,BBY,0.49788959889390716,0.49788959889390716,20,0.0
1998-11-03 09:35:00+00:00,BBY,0.49260870758893954,0.49260870758893954,20,0.0
1998-11-03 09:36:00+00:00,BBY,0.4925670975007763,0.4925670975007763,20,0.0
1998-11-03 09:37:00+00:00,BBY,0.46114938445336384,0.46114938445336384,20,0.0
1998-11-03 09:38:00+00:00,BBY,0.4746707112942889,0.4746707112942889,20,0.0
1998-11-03 09:39:00+00:00,BBY,0.4704527542974257,0.4704527542974257,20,0.0
1998-11-03 09:40:00+00:00,BBY,0.4667553358732228,0.4667553358732228,20,0.0
1998-11-03 09:44:00+00:00,BBY,0.4734355354649228,0.4734355354649228,20,0.0
1998-11-03 09:45:00+00:00,BBY,0.4757437325776158,0.4757437325776158,20,0.0
1998-11-03 09:46:00+00:00,BBY,0.4757580949828244,0.4757580949828244,20,0.0
1998-11-03 09:47:00+00:00,BBY,0.47696731030219813,0.47696731030219813,20,0.0
1998-11-03 09:50:00+00:00,BBY,0.47651521404756547,0.47651521404756547,20,0.0
1998-11-03 09:51:00+00:00,BBY,0.46772787616760453,0.46772787616760453,20,0.0
1998-11-03 09:52:00+00:00,BBY,0.4664336099914661,0.4664336099914661,20,0.0
1998-11-03 09:53:00+00:00,BBY,0.4758452265361543,0.4758452265361543,20,0.0
1998-11-03 09:54:00+00:00,BBY,0.47580738115299503,0.47580738115299503,20,0.0
1998-11-03 09:55:00+00:00,BBY,0.48220370269840496,0.48220370269840496,20,0.0
1998-11-03 09:56:00+00:00,BBY,0.5326285768302355,0.5326285768302355,20,0.0
1998-11-03 09:57:00+00:00,BBY,0.5315419200294542,0.5315419200294542,20,0.0
1998-11-03 09:58:00+00:00,BBY,0.4821883834701282,0.4821883834701282,20,0.0
1998-11-03 09:59:00+00:00,BBY,0.5297925466305671,0.5297925466305671,20,0.0
1998-11-03 10:00:00+00:00,BBY,0.526453848922202,0.526453848922202,20,0.0
1998-11-03 10:01:00+00:00,BBY,0.5256906930363886,0.5256906930363886,20,0.0
1998-11-03 10:02:00+00:00,BBY,0.525713191763169,0.525713191763169,20,0.0
1998-11-03 10:03:00+00:00,BBY,0.483925046769638,0.483925046769638,20,0.0
1998-11-03 10:04:00+00:00,BBY,0.48260847231298554,0.48260847231298554,20,0.0
1998-11-03 10:05:00+00:00,BBY,0.4807650840080486,0.4807650840080486,20,0.0
1998-11-03 10:06:00+00:00,BBY,0.47816353339544726,0.47816353339544726,20,0.0
1998-11-03 10:07:00+00:00,BBY,0.47092717098446374,0.47092717098446374,20,0.0
1998-11-03 10:08:00+00:00,BBY,0.4799678082698463,0.4799678082698463,20,0.0
1998-11-03 10:09:00+00:00,BBY,0.48791844111123783,0.48791844111123783,20,0.0
1998-11-03 10:11:00+00:00,BBY,0.4707066253610296,0.4707066253610296,20,0.0
1998-11-03 10:12:00+00:00,BBY,0.5228105956904672,0.5228105956904672,20,0.0
1998-11-03 10:13:00+00:00,BBY,0.5220155075509105,0.5220155075509105,20,0.0
1998-11-03 10:14:00+00:00,BBY,0.5155989395138603,0.5155989395138603,20,0.0
1998-11-03 10:15:00+00:00,BBY,0.5063663284066915,0.5063663284066915,20,0.0
1998-11-03 10:16:00+00:00,BBY,0.5063785731483204,0.5063785731483204,20,0.0
1998-11-03 10:17:00+00:00,BBY,0.5063301748891945,0.5063301748891945,20,0.0
1998-11-03 10:18:00+00:00,BBY,0.506424254995159,0.506424254995159,20,0.0
1998-11-03 10:19:00+00:00,BBY,0.5063098678226268,0.5063098678226268,20,0.0
1998-11-03 10:20:00+00:00,BBY,0.5063250592544062,0.5063250592544062,20,0.0
1998-11-03 10:21:00+00:00,BBY,0.5062210193112797,0.5062210193112797,20,0.0
1998-11-03 10:22:00+00:00,BBY,0.514638983196925,0.514638983196925,20,0.0
1998-11-03 10:23:00+00:00,BBY,0.5123075756955958,0.5123075756955958,20,0.0
1998-11-03 10:24:00+00:00,BBY,0.5131442020483803,0.5131442020483803,20,0.0
1998-11-03 10:25:00+00:00,BBY,0.5060868714780264,0.5060868714780264,20,0.0
1998-11-03 10:26:00+00:00,BBY,0.5061155618729334,0.5061155618729334,20,0.0
1998-11-03 10:27:00+00:00,BBY,0.4846619489408282,0.4846619489408282,20,0.0
1998-11-03 10:30:00+00:00,BBY,0.5061949561525801,0.5061949561525801,20,0.0
1998-11-03 10:32:00+00:00,BBY,0.48466300802032014,0.48466300802032014,20,0.0
1998-11-03 10:33:00+00:00,BBY,0.48441139279064144,0.48441139279064144,20,0.0
1998-11-03 10:34:00+00:00,BBY,0.5060698560197646,0.5060698560197646,20,0.0
1998-11-03 10:35:00+00:00,BBY,0.4864958687513483,0.4864958687513483,20,0.0
1998-11-03 10:39:00+00:00,BBY,0.5153760101659145,0.5153760101659145,20,0.0
1998-11-03 10:40:00+00:00,BBY,0.4849099364672167,0.4849099364672167,20,0.0
1998-11-03 10:42:00+00:00,BBY,0.48566539438403267,0.48566539438403267,20,0.0
1998-11-03 10:43:00+00:00,BBY,0.4870875561808262,0.4870875561808262,20,0.0
1998-11-03 10:44:00+00:00,BBY,0.4870467575333775,0.4870467575333775,20,0.0
1998-11-03 10:45:00+00:00,BBY,0.46124972884496873,0.46124972884496873,20,0.0
1998-11-03 10:46:00+00:00,BBY,0.46167514560377426,0.46167514560377426,20,0.0
1998-11-03 10:47:00+00:00,BBY,0.4671594020237605,0.4671594020237605,20,0.0
1998-11-03 10:48:00+00:00,BBY,0.47807448915693135,0.47807448915693135,20,0.0
1998-11-03 10:49:00+00:00,BBY,0.46257417755084296,0.46257417755084296,20,0.0
1998-11-03 10:50:00+00:00,BBY,0.4631312365605392,0.4631312365605392,20,0.0
1998-11-03 10:51:00+00:00,BBY,0.48884259198687224,0.48884259198687224,20,0.0
1998-11-03 10:52:00+00:00,BBY,0.5062786489547544,0.5062786489547544,20,0.0
1998-11-03 10:53:00+00:00,BBY,0.49432787372357134,0.49432787372357134,20,0.0
1998-11-03 10:54:00+00:00,BBY,0.4957462496482953,0.4957462496482953,20,0.0
1998-11-03 10:55:00+00:00,BBY,0.4975244340812738,0.4975244340812738,20,0.0
1998-11-03 10:57:00+00:00,BBY,0.5003519747909014,0.5003519747909014,20,0.0
1998-11-03 10:58:00+00:00,BBY,0.4983149672953428,0.4983149672953428,20,0.0
1998-11-03 11:01:00+00:00,BBY,0.48107023539837274,0.48107023539837274,20,0.0
1998-11-03 11:03:00+00:00,BBY,0.49798780654966046,0.49798780654966046,20,0.0
1998-11-03 11:04:00+00:00,BBY,0.49795272886284864,0.49795272886284864,20,0.0
1998-11-03 11:05:00+00:00,BBY,0.5003530313104996,0.5003530313104996,20,0.0
1998-11-03 11:07:00+00:00,BBY,0.4795793409361255,0.4795793409361255,20,0.0
1998-11-03 11:08:00+00:00,BBY,0.49615075509428125,0.49615075509428125,20,0.0
1998-11-03 11:09:00+00:00,BBY,0.49634055290452644,0.49634055290452644,20,0.0
1998-11-03 11:10:00+00:00,BBY,0.4971498682515648,0.4971498682515648,20,0.0
1998-11-03 11:11:00+00:00,BBY,0.4972719979257936,0.4972719979257936,20,0.0
1998-11-03 11:13:00+00:00,BBY,0.49605081222620057,0.49605081222620057,20,0.0
1998-11-03 11:14:00+00:00,BBY,0.48574965320186453,0.48574965320186453,20,0.0
1998-11-03 11:15:00+00:00,BBY,0.4992395162395866,0.4992395162395866,20,0.0
1998-11-03 11:16:00+00:00,BBY,0.4987030668024506,0.4987030668024506,20,0.0
1998-11-03 11:18:00+00:00,BBY,0.49773615955428663,0.49773615955428663,20,0.0
1998-11-03 11:19:00+00:00,BBY,0.49809498778041983,0.49809498778041983,20,0.0
1998-11-03 11:20:00+00:00,BBY,0.5126242881887504,0.5126242881887504,20,0.0
1998-11-03 11:21:00+00:00,BBY,0.5131074800276321,0.5131074800276321,20,0.0
1998-11-03 11:22:00+00:00,BBY,0.5140784142842968,0.5140784142842968,20,0.0
1998-11-03 11:24:00+00:00,BBY,0.5083589951970208,0.5083589951970208,20,0.0
1998-11-03 11:25:00+00:00,BBY,0.5064540473635967,0.5064540473635967,20,0.0
1998-11-03 11:26:00+00:00,BBY,0.5065868751039198,0.5065868751039198,20,0.0
1998-11-03 11:28:00+00:00,BBY,0.48717348820153106,0.48717348820153106,20,0.0
1998-11-03 11:29:00+00:00,BBY,0.525026653342084,0.525026653342084,20,0.0
1998-11-03 11:30:00+00:00,BBY,0.488063160403774,0.488063160403774,20,0.0
1998-11-03 11:31:00+00:00,BBY,0.520917477214799,0.520917477214799,20,0.0
1998-11-03 11:32:00+00:00,BBY,0.4785337415680466,0.4785337415680466,20,0.0
1998-11-03 11:33:00+00:00,BBY,0.48718375885344245,0.48718375885344245,20,0.0
1998-11-03 11:34:00+00:00,BBY,0.5055476629220016,0.5055476629220016,20,0.0
1998-11-03 11:35:00+00:00,BBY,0.5078177018146458,0.5078177018146458,20,0.0
1998-11-03 11:36:00+00:00,BBY,0.4665365236954081,0.4665365236954081,20,0.0
1998-11-03 11:37:00+00:00,BBY,0.4624278382354202,0.4624278382354202,20,0.0
1998-11-03 11:38:00+00:00,BBY,0.4495813993575652,0.4495813993575652,20,0.0
1998-11-03 11:39:00+00:00,BBY,0.45121000444680825,0.45121000444680825,20,0.0
1998-11-03 11:40:00+00:00,BBY,0.46245293671381793,0.46245293671381793,20,0.0
1998-11-03 11:41:00+00:00,BBY,0.4584913573681828,0.4584913573681828,20,0.0
1998-11-03 11:42:00+00:00,BBY,0.45099626716079405,0.45099626716079405,20,0.0
1998-11-03 11:43:00+00:00,BBY,0.45087595925274626,0.45087595925274626,20,0.0
1998-11-03 11:44:00+00:00,BBY,0.4514416631576275,0.4514416631576275,20,0.0
1998-11-03 11:46:00+00:00,BBY,0.4499389977514386,0.4499389977514386,20,0.0
1998-11-03 11:48:00+00:00,BBY,0.4674267283563217,0.4674267283563217,20,0.0
1998-11-03 11:49:00+00:00,BBY,0.46715237480566535,0.46715237480566535,20,0.0
1998-11-03 11:50:00+00:00,BBY,0.46681508347446005,0.46681508347446005,20,0.0
1998-11-03 11:51:00+00:00,BBY,0.48187589612432574,0.48187589612432574,20,0.0
1998-11-03 11:53:00+00:00,BBY,0.4761357714553944,0.4761357714553944,20,0.0
1998-11-03 11:54:00+00:00,BBY,0.49260644880816634,0.49260644880816634,20,0.0
1998-11-03 11:56:00+00:00,BBY,0.4817296789483173,0.4817296789483173,20,0.0
1998-11-03 12:01:00+00:00,BBY,0.5063602401651767,0.5063602401651767,20,0.0
1998-11-03 12:02:00+00:00,BBY,0.5061684151303174,0.5061684151303174,20,0.0
1998-11-03 12:03:00+00:00,BBY,0.5234516671034154,0.5234516671034154,20,0.0
1998-11-03 12:05:00+00:00,BBY,0.5074892701582123,0.5074892701582123,20,0.0
1998-11-03 12:06:00+00:00,BBY,0.47740967542304663,0.47740967542304663,20,0.0
1998-11-03 12:07:00+00:00,BBY,0.48192448941351457,0.48192448941351457,20,0.0
1998-11-03 12:08:00+00:00,BBY,0.4787937089984514,0.4787937089984514,20,0.0
1998-11-03 12:10:00+00:00,BBY,0.5065250896078699,0.5065250896078699,20,0.0
1998-11-03 12:11:00+00:00,BBY,0.5102516242451872,0.5102516242451872,20,0.0
1998-11-03 12:12:00+00:00,BBY,0.49750474995239446,0.49750474995239446,20,0.0
1998-11-03 12:13:00+00:00,BBY,0.4975590871983443,0.4975590871983443,20,0.0
1998-11-03 12:14:00+00:00,BBY,0.4851133240097211,0.4851133240097211,20,0.0
1998-11-03 12:15:00+00:00,BBY,0.4992843428187325,0.4992843428187325,20,0.0
1998-11-03 12:16:00+00:00,BBY,0.4992947256402126,0.4992947256402126,20,0.0
1998-11-03 12:17:00+00:00,BBY,0.5013838294989181,0.5013838294989181,20,0.0
1998-11-03 12:18:00+00:00,BBY,0.501914811209611,0.501914811209611,20,0.0
1998-11-03 12:19:00+00:00,BBY,0.49908007445706587,0.49908007445706587,20,0.0
1998-11-03 12:20:00+00:00,BBY,0.5014081537997218,0.5014081537997218,20,0.0
1998-11-03 12:21:00+00:00,BBY,0.49931009928732656,0.49931009928732656,20,0.0
1998-11-03 12:23:00+00:00,BBY,0.4977627345339502,0.4977627345339502,20,0.0
1998-11-03 12:24:00+00:00,BBY,0.49682474496616374,0.49682474496616374,20,0.0
1998-11-03 12:25:00+00:00,BBY,0.48472344800715556,0.48472344800715556,20,0.0
1998-11-03 12:27:00+00:00,BBY,0.4876924904851154,0.4876924904851154,20,0.0
1998-11-03 12:28:00+00:00,BBY,0.4711658273922341,0.4711658273922341,20,0.0
1998-11-03 12:29:00+00:00,BBY,0.48819295736546287,0.48819295736546287,20,0.0
1998-11-03 12:34:00+00:00,BBY,0.4823632644370762,0.4823632644370762,20,0.0
1998-11-03 12:40:00+00:00,BBY,0.4756543434665201,0.4756543434665201,20,0.0
1998-11-03 12:41:00+00:00,BBY,0.43686875498580086,0.43686875498580086,20,0.0
1998-11-03 12:42:00+00:00,BBY,0.435893595369521,0.435893595369521,20,0.0
1998-11-03 12:43:00+00:00,BBY,0.44404950813596866,0.44404950813596866,20,0.0
1998-11-03 12:44:00+00:00,BBY,0.45847791830966766,0.45847791830966766,20,0.0
1998-11-03 12:47:00+00:00,BBY,0.4570371057308716,0.4570371057308716,20,0.0
1998-11-03 12:48:00+00:00,BBY,0.45289580922111516,0.45289580922111516,20,0.0
1998-11-03 12:49:00+00:00,BBY,0.4471142140383491,0.4471142140383491,20,0.0
1998-11-03 12:51:00+00:00,BBY,0.44572123747936165,0.44572123747936165,20,0.0
1998-11-03 12:53:00+00:00,BBY,0.44923158286292525,0.44923158286292525,20,0.0
1998-11-03 12:54:00+00:00,BBY,0.45383076668070865,0.45383076668070865,20,0.0
1998-11-03 12:55:00+00:00,BBY,0.45213389350281974,0.45213389350281974,20,0.0
1998-11-03 12:56:00+00:00,BBY,0.45362762388603667,0.45362762388603667,20,0.0
1998-11-03 12:57:00+00:00,BBY,0.4525094817442729,0.4525094817442729,20,0.0
1998-11-03 12:58:00+00:00,BBY,0.4722874286341239,0.4722874286341239,20,0.0
1998-11-03 12:59:00+00:00,BBY,0.4295740446117862,0.4295740446117862,20,0.0
1998-11-03 13:00:00+00:00,BBY,0.4617536259514924,0.4617536259514924,20,0.0
1998-11-03 13:01:00+00:00,BBY,0.47069895219811875,0.47069895219811875,20,0.0
1998-11-03 13:03:00+00:00,BBY,0.4509243023007854,0.4509243023007854,20,0.0
1998-11-03 13:05:00+00:00,BBY,0.44937931706127443,0.44937931706127443,20,0.0
1998-11-03 13:07:00+00:00,BBY,0.4741103445892081,0.4741103445892081,20,0.0
1998-11-03 13:09:00+00:00,BBY,0.4586926346482836,0.4586926346482836,20,0.0
1998-11-03 13:10:00+00:00,BBY,0.4669301750352159,0.4669301750352159,20,0.0
1998-11-03 13:12:00+00:00,BBY,0.46691737207704487,0.46691737207704487,20,0.0
1998-11-03 13:14:00+00:00,BBY,0.4765111699316141,0.4765111699316141,20,0.0
1998-11-03 13:15:00+00:00,BBY,0.467134207442269,0.467134207442269,20,0.0
1998-11-03 13:16:00+00:00,BBY,0.4671672912663244,0.4671672912663244,20,0.0
1998-11-03 13:17:00+00:00,BBY,0.4676185639479896,0.4676185639479896,20,0.0
1998-11-03 13:19:00+00:00,BBY,0.47156209985514985,0.47156209985514985,20,0.0
1998-11-03 13:20:00+00:00,BBY,0.4806353452359092,0.4806353452359092,20,0.0
1998-11-03 13:21:00+00:00,BBY,0.5100327791601547,0.5100327791601547,20,0.0
1998-11-03 13:22:00+00:00,BBY,0.4659246270539274,0.4659246270539274,20,0.0
1998-11-03 13:25:00+00:00,BBY,0.4810794268648895,0.4810794268648895,20,0.0
1998-11-03 13:28:00+00:00,BBY,0.4792928095111426,0.4792928095111426,20,0.0
1998-11-03 13:29:00+00:00,BBY,0.47867769296340984,0.47867769296340984,20,0.0
1998-11-03 13:31:00+00:00,BBY,0.48124212257062343,0.48124212257062343,20,0.0
1998-11-03 13:33:00+00:00,BBY,0.48204612704781535,0.48204612704781535,20,0.0
1998-11-03 13:34:00+00:00,BBY,0.4837144478332474,0.4837144478332474,20,0.0
1998-11-03 13:38:00+00:00,BBY,0.49926724511618226,0.49926724511618226,20,0.0
1998-11-03 13:39:00+00:00,BBY,0.49925030874427195,0.49925030874427195,20,0.0
1998-11-03 13:44:00+00:00,BBY,0.47883379898341216,0.47883379898341216,20,0.0
1998-11-03 13:46:00+00:00,BBY,0.4990833207342343,0.4990833207342343,20,0.0
1998-11-03 13:48:00+00:00,BBY,0.49758524784153,0.49758524784153,20,0.0
1998-11-03 13:49:00+00:00,BBY,0.49844762727475384,0.49844762727475384,20,0.0
1998-11-03 13:52:00+00:00,BBY,0.49573976527093,0.49573976527093,20,0.0
1998-11-03 13:54:00+00:00,BBY,0.4846404022659901,0.4846404022659901,20,0.0
1998-11-03 13:57:00+00:00,BBY,0.4848337575223602,0.4848337575223602,20,0.0
1998-11-03 13:59:00+00:00,BBY,0.4844934435743477,0.4844934435743477,20,0.0
1998-11-03 14:01:00+00:00,BBY,0.4844444249803996,0.4844444249803996,20,0.0
1998-11-03 14:04:00+00:00,BBY,0.4888452345322504,0.4888452345322504,20,0.0
1998-11-03 14:05:00+00:00,BBY,0.4887734912830695,0.4887734912830695,20,0.0
1998-11-03 14:06:00+00:00,BBY,0.4719565779295678,0.4719565779295678,20,0.0
1998-11-03 14:07:00+00:00,BBY,0.472100208859998,0.472100208859998,20,0.0
1998-11-03 14:11:00+00:00,BBY,0.47089695435294027,0.47089695435294027,20,0.0
1998-11-03 14:12:00+00:00,BBY,0.47146533221529613,0.47146533221529613,20,0.0
1998-11-03 14:13:00+00:00,BBY,0.4727265743972299,0.4727265743972299,20,0.0
1998-11-03 14:14:00+00:00,BBY,0.4722235399840161,0.4722235399840161,20,0.0
1998-11-03 14:16:00+00:00,BBY,0.5222701641390916,0.5222701641390916,20,0.0
1998-11-03 14:17:00+00:00,BBY,0.4640337758252951,0.4640337758252951,20,0.0
1998-11-03 14:18:00+00:00,BBY,0.4899258633486007,0.4899258633486007,20,0.0
1998-11-03 14:19:00+00:00,BBY,0.4843884175950745,0.4843884175950745,20,0.0
1998-11-03 14:20:00+00:00,BBY,0.4844869569985055,0.4844869569985055,20,0.0
1998-11-03 14:22:00+00:00,BBY,0.48433422386501973,0.48433422386501973,20,0.0
1998-11-03 14:23:00+00:00,BBY,0.48454858603613704,0.48454858603613704,20,0.0
1998-11-03 14:24:00+00:00,BBY,0.4845498195242874,0.4845498195242874,20,0.0
1998-11-03 14:27:00+00:00,BBY,0.5060875256346374,0.5060875256346374,20,0.0
1998-11-03 14:29:00+00:00,BBY,0.48967478955471544,0.48967478955471544,20,0.0
1998-11-03 14:32:00+00:00,BBY,0.4845479567592926,0.4845479567592926,20,0.0
1998-11-03 14:33:00+00:00,BBY,0.4626921836157158,0.4626921836157158,20,0.0
1998-11-03 14:35:00+00:00,BBY,0.46061211013171416,0.46061211013171416,20,0.0
1998-11-03 14:36:00+00:00,BBY,0.47751627762270304,0.47751627762270304,20,0.0
1998-11-03 14:37:00+00:00,BBY,0.4719485101653004,0.4719485101653004,20,0.0
1998-11-03 14:38:00+00:00,BBY,0.4690476842212225,0.4690476842212225,20,0.0
1998-11-03 14:39:00+00:00,BBY,0.4516772967960119,0.4516772967960119,20,0.0
1998-11-03 14:44:00+00:00,BBY,0.4647601860800296,0.4647601860800296,20,0.0
1998-11-03 14:45:00+00:00,BBY,0.46613005860796125,0.46613005860796125,20,0.0
1998-11-03 14:46:00+00:00,BBY,0.4662751368711511,0.4662751368711511,20,0.0
1998-11-03 14:49:00+00:00,BBY,0.4785883647473591,0.4785883647473591,20,0.0
1998-11-03 14:50:00+00:00,BBY,0.46663393934301545,0.46663393934301545,20,0.0
1998-11-03 14:51:00+00:00,BBY,0.4667349480279896,0.4667349480279896,20,0.0
1998-11-03 14:52:00+00:00,BBY,0.4668046011487907,0.4668046011487907,20,0.0
1998-11-03 14:53:00+00:00,BBY,0.46685566415999585,0.46685566415999585,20,0.0
1998-11-03 14:54:00+00:00,BBY,0.4783560014804617,0.4783560014804617,20,0.0
1998-11-03 14:56:00+00:00,BBY,0.509270611987649,0.509270611987649,20,0.0
1998-11-03 14:57:00+00:00,BBY,0.5205133174261931,0.5205133174261931,20,0.0
1998-11-03 14:58:00+00:00,BBY,0.453428168244116,0.453428168244116,20,0.0
1998-11-03 14:59:00+00:00,BBY,0.4222952499666423,0.4222952499666423,20,0.0
1998-11-03 15:01:00+00:00,BBY,0.4805781983502402,0.4805781983502402,20,0.0
1998-11-03 15:02:00+00:00,BBY,0.47629924142793584,0.47629924142793584,20,0.0
1998-11-03 15:03:00+00:00,BBY,0.47476757969556027,0.47476757969556027,20,0.0
1998-11-03 15:04:00+00:00,BBY,0.5157816095912573,0.5157816095912573,20,0.0
1998-11-03 15:06:00+00:00,BBY,0.47260976034888297,0.47260976034888297,20,0.0
1998-11-03 15:07:00+00:00,BBY,0.47160118635900733,0.47160118635900733,20,0.0
1998-11-03 15:10:00+00:00,BBY,0.47324349226267576,0.47324349226267576,20,0.0
1998-11-03 15:13:00+00:00,BBY,0.5083806901342942,0.5083806901342942,20,0.0
1998-11-03 15:15:00+00:00,BBY,0.5248746880313406,0.5248746880313406,20,0.0
1998-11-03 15:16:00+00:00,BBY,0.5173445302191755,0.5173445302191755,20,0.0
1998-11-03 15:17:00+00:00,BBY,0.5374436819732197,0.5374436819732197,20,0.0
1998-11-03 15:18:00+00:00,BBY,0.5095773786421602,0.5095773786421602,20,0.0
1998-11-03 15:19:00+00:00,BBY,0.5098437385226334,0.5098437385226334,20,0.0
1998-11-03 15:20:00+00:00,BBY,0.5088775839869424,0.5088775839869424,20,0.0
1998-11-03 15:24:00+00:00,BBY,0.47284333054864575,0.47284333054864575,20,0.0
1998-11-03 15:25:00+00:00,BBY,0.472961316657514,0.472961316657514,20,0.0
1998-11-03 15:27:00+00:00,BBY,0.5143705429052972,0.5143705429052972,20,0.0
1998-11-03 15:31:00+00:00,BBY,0.47372439269501615,0.47372439269501615,20,0.0
1998-11-03 15:32:00+00:00,BBY,0.47187044385188887,0.47187044385188887,20,0.0
1998-11-03 15:33:00+00:00,BBY,0.47230441324950506,0.47230441324950506,20,0.0
1998-11-03 15:34:00+00:00,BBY,0.4716405082674114,0.4716405082674114,20,0.0
1998-11-03 15:36:00+00:00,BBY,0.47664714007929604,0.47664714007929604,20,0.0
1998-11-03 15:37:00+00:00,BBY,0.4822683394877193,0.4822683394877193,20,0.0
1998-11-03 15:38:00+00:00,BBY,0.48252967710978,0.48252967710978,20,0.0
1998-11-03 15:39:00+00:00,BBY,0.48719210391272827,0.48719210391272827,20,0.0
1998-11-03 15:40:00+00:00,BBY,0.5193595471384217,0.5193595471384217,20,0.0
1998-11-03 15:41:00+00:00,BBY,0.46692611849557786,0.46692611849557786,20,0.0
1998-11-03 15:42:00+00:00,BBY,0.4629007780203647,0.4629007780203647,20,0.0
1998-11-03 15:43:00+00:00,BBY,0.4597229579196786,0.4597229579196786,20,0.0
1998-11-03 15:46:00+00:00,BBY,0.5060545002051933,0.5060545002051933,20,0.0
1998-11-03 15:51:00+00:00,BBY,0.5060927665587646,0.5060927665587646,20,0.0
1998-11-03 15:52:00+00:00,BBY,0.4619712958499351,0.4619712958499351,20,0.0
1998-11-03 15:55:00+00:00,BBY,0.4842151269087662,0.4842151269087662,20,0.0
1998-11-03 15:56:00+00:00,BBY,0.46224552586478757,0.46224552586478757,20,0.0
1998-11-03 15:57:00+00:00,BBY,0.45233349600081024,0.45233349600081024,20,0.0
1998-11-03 15:58:00+00:00,BBY,0.4668606882713253,0.4668606882713253,20,0.0
1998-11-03 15:59:00+00:00,BBY,0.46714128245610614,0.46714128245610614,20,0.0
1998-11-04 09:34:00+00:00,BBY,0.48404660776085146,0.48404660776085146,20,0.0
1998-11-04 09:35:00+00:00,BBY,0.4801862846660467,0.4801862846660467,20,0.0
1998-11-04 09:36:00+00:00,BBY,0.477856041243651,0.477856041243651,20,0.0
1998-11-04 09:37:00+00:00,BBY,0.48066877484560017,0.48066877484560017,20,0.0
1998-11-04 09:38:00+00:00,BBY,0.4821805290491467,0.4821805290491467,20,0.0
1998-11-04 09:39:00+00:00,BBY,0.48366578629171086,0.48366578629171086,20,0.0
1998-11-04 09:40:00+00:00,BBY,0.5321582346755199,0.5321582346755199,20,0.0
1998-11-04 09:41:00+00:00,BBY,0.4794257208359378,0.4794257208359378,20,0.0
1998-11-04 09:42:00+00:00,BBY,0.48028004283347236,0.48028004283347236,20,0.0
1998-11-04 09:43:00+00:00,BBY,0.4774353631109908,0.4774353631109908,20,0.0
1998-11-04 09:44:00+00:00,BBY,0.4696054665980528,0.4696054665980528,20,0.0
1998-11-04 09:45:00+00:00,BBY,0.469092391094469,0.469092391094469,20,0.0
1998-11-04 09:46:00+00:00,BBY,0.4765726697669308,0.4765726697669308,20,0.0
1998-11-04 09:47:00+00:00,BBY,0.4666339869579822,0.4666339869579822,20,0.0
1998-11-04 09:48:00+00:00,BBY,0.4761902739500845,0.4761902739500845,20,0.0
1998-11-04 09:49:00+00:00,BBY,0.4687651137962689,0.4687651137962689,20,0.0
1998-11-04 09:50:00+00:00,BBY,0.47673836137699027,0.47673836137699027,20,0.0
1998-11-04 09:51:00+00:00,BBY,0.48238623609028347,0.48238623609028347,20,0.0
1998-11-04 09:52:00+00:00,BBY,0.48229772889041833,0.48229772889041833,20,0.0
1998-11-04 09:53:00+00:00,BBY,0.4826052152357569,0.4826052152357569,20,0.0
1998-11-04 09:54:00+00:00,BBY,0.506878314979626,0.506878314979626,20,0.0
1998-11-04 09:56:00+00:00,BBY,0.5066275060444377,0.5066275060444377,20,0.0
1998-11-04 09:57:00+00:00,BBY,0.5064869933145725,0.5064869933145725,20,0.0
1998-11-04 09:58:00+00:00,BBY,0.5064579607904317,0.5064579607904317,20,0.0
1998-11-04 09:59:00+00:00,BBY,0.5064555006766589,0.5064555006766589,20,0.0
1998-11-04 10:00:00+00:00,BBY,0.5100757195383888,0.5100757195383888,20,0.0
1998-11-04 10:01:00+00:00,BBY,0.49763413135706397,0.49763413135706397,20,0.0
1998-11-04 10:03:00+00:00,BBY,0.5085708760656862,0.5085708760656862,20,0.0
1998-11-04 10:04:00+00:00,BBY,0.5061296678292588,0.5061296678292588,20,0.0
1998-11-04 10:05:00+00:00,BBY,0.5135428186317523,0.5135428186317523,20,0.0
1998-11-04 10:07:00+00:00,BBY,0.509098797534821,0.509098797534821,20,0.0
1998-11-04 10:08:00+00:00,BBY,0.5141695269446143,0.5141695269446143,20,0.0
1998-11-04 10:09:00+00:00,BBY,0.5147058094889797,0.5147058094889797,20,0.0
1998-11-04 10:10:00+00:00,BBY,0.5060076962488597,0.5060076962488597,20,0.0
1998-11-04 10:12:00+00:00,BBY,0.5091192735126039,0.5091192735126039,20,0.0
1998-11-04 10:13:00+00:00,BBY,0.5152401593848001,0.5152401593848001,20,0.0
1998-11-04 10:14:00+00:00,BBY,0.506444220642653,0.506444220642653,20,0.0
1998-11-04 10:15:00+00:00,BBY,0.5061796868810943,0.5061796868810943,20,0.0
1998-11-04 10:18:00+00:00,BBY,0.506535701605097,0.506535701605097,20,0.0
1998-11-04 10:19:00+00:00,BBY,0.5091801919479605,0.5091801919479605,20,0.0
1998-11-04 10:20:00+00:00,BBY,0.5107779108721938,0.5107779108721938,20,0.0
1998-11-04 10:21:00+00:00,BBY,0.49712632085933117,0.49712632085933117,20,0.0
1998-11-04 10:22:00+00:00,BBY,0.5009649156162278,0.5009649156162278,20,0.0
1998-11-04 10:23:00+00:00,BBY,0.5021808829754957,0.5021808829754957,20,0.0
1998-11-04 10:24:00+00:00,BBY,0.5012663537619053,0.5012663537619053,20,0.0
1998-11-04 10:26:00+00:00,BBY,0.5021426507179945,0.5021426507179945,20,0.0
1998-11-04 10:28:00+00:00,BBY,0.5010712551747969,0.5010712551747969,20,0.0
1998-11-04 10:31:00+00:00,BBY,0.49875328725003465,0.49875328725003465,20,0.0
1998-11-04 10:32:00+00:00,BBY,0.48039706197655374,0.48039706197655374,20,0.0
1998-11-04 10:33:00+00:00,BBY,0.477963398689902,0.477963398689902,20,0.0
1998-11-04 10:34:00+00:00,BBY,0.463777424868529,0.463777424868529,20,0.0
1998-11-04 10:35:00+00:00,BBY,0.4603568974984341,0.4603568974984341,20,0.0
1998-11-04 10:36:00+00:00,BBY,0.45475060460152017,0.45475060460152017,20,0.0
1998-11-04 10:37:00+00:00,BBY,0.44759169913718994,0.44759169913718994,20,0.0
1998-11-04 10:38:00+00:00,BBY,0.4500727613937643,0.4500727613937643,20,0.0
1998-11-04 10:39:00+00:00,BBY,0.4541312236033149,0.4541312236033149,20,0.0
1998-11-04 10:40:00+00:00,BBY,0.4544898725230034,0.4544898725230034,20,0.0
1998-11-04 10:41:00+00:00,BBY,0.4707346321484197,0.4707346321484197,20,0.0
1998-11-04 10:42:00+00:00,BBY,0.45728037214699596,0.45728037214699596,20,0.0
1998-11-04 10:43:00+00:00,BBY,0.4582107629814942,0.4582107629814942,20,0.0
1998-11-04 10:44:00+00:00,BBY,0.47602258583434226,0.47602258583434226,20,0.0
1998-11-04 10:46:00+00:00,BBY,0.4740500331879694,0.4740500331879694,20,0.0
1998-11-04 10:48:00+00:00,BBY,0.4800852634103222,0.4800852634103222,20,0.0
1998-11-04 10:49:00+00:00,BBY,0.48205355932753186,0.48205355932753186,20,0.0
1998-11-04 10:50:00+00:00,BBY,0.48715609580126745,0.48715609580126745,20,0.0
1998-11-04 10:51:00+00:00,BBY,0.4673461422928917,0.4673461422928917,20,0.0
1998-11-04 10:52:00+00:00,BBY,0.4654651023809092,0.4654651023809092,20,0.0
1998-11-04 10:53:00+00:00,BBY,0.4751048198190907,0.4751048198190907,20,0.0
1998-11-04 10:54:00+00:00,BBY,0.47781341724422394,0.47781341724422394,20,0.0
1998-11-04 10:55:00+00:00,BBY,0.48262068072674025,0.48262068072674025,20,0.0
1998-11-04 10:56:00+00:00,BBY,0.4831256809240438,0.4831256809240438,20,0.0
1998-11-04 10:57:00+00:00,BBY,0.48207602601562227,0.48207602601562227,20,0.0
1998-11-04 10:58:00+00:00,BBY,0.5090287726203258,0.5090287726203258,20,0.0
1998-11-04 10:59:00+00:00,BBY,0.4790188087404631,0.4790188087404631,20,0.0
1998-11-04 11:00:00+00:00,BBY,0.4793088513033899,0.4793088513033899,20,0.0
1998-11-04 11:04:00+00:00,BBY,0.4808416699141406,0.4808416699141406,20,0.0
1998-11-04 11:05:00+00:00,BBY,0.4784738977562172,0.4784738977562172,20,0.0
1998-11-04 11:07:00+00:00,BBY,0.4755360936066789,0.4755360936066789,20,0.0
1998-11-04 11:09:00+00:00,BBY,0.4751177031861583,0.4751177031861583,20,0.0
1998-11-04 11:10:00+00:00,BBY,0.4727781839390341,0.4727781839390341,20,0.0
1998-11-04 11:11:00+00:00,BBY,0.47659292471310855,0.47659292471310855,20,0.0
1998-11-04 11:12:00+00:00,BBY,0.47617294296430274,0.47617294296430274,20,0.0
1998-11-04 11:13:00+00:00,BBY,0.4753808117293884,0.4753808117293884,20,0.0
1998-11-04 11:14:00+00:00,BBY,0.4776721772231088,0.4776721772231088,20,0.0
1998-11-04 11:15:00+00:00,BBY,0.4756256347263949,0.4756256347263949,20,0.0
1998-11-04 11:16:00+00:00,BBY,0.46716877147496766,0.46716877147496766,20,0.0
1998-11-04 11:17:00+00:00,BBY,0.46369727796800364,0.46369727796800364,20,0.0
1998-11-04 11:18:00+00:00,BBY,0.46585380450406266,0.46585380450406266,20,0.0
1998-11-04 11:23:00+00:00,BBY,0.4644623991296904,0.4644623991296904,20,0.0
1998-11-04 11:24:00+00:00,BBY,0.47796781917526815,0.47796781917526815,20,0.0
1998-11-04 11:26:00+00:00,BBY,0.48829009107610083,0.48829009107610083,20,0.0
1998-11-04 11:27:00+00:00,BBY,0.5086795449007041,0.5086795449007041,20,0.0
1998-11-04 11:28:00+00:00,BBY,0.49262242777498094,0.49262242777498094,20,0.0
1998-11-04 11:29:00+00:00,BBY,0.4717616659617406,0.4717616659617406,20,0.0
1998-11-04 11:35:00+00:00,BBY,0.49404977708082715,0.49404977708082715,20,0.0
1998-11-04 11:37:00+00:00,BBY,0.4942982904124464,0.4942982904124464,20,0.0
1998-11-04 11:38:00+00:00,BBY,0.4844528834787518,0.4844528834787518,20,0.0
1998-11-04 11:39:00+00:00,BBY,0.48425971873060325,0.48425971873060325,20,0.0
1998-11-04 11:40:00+00:00,BBY,0.48436023260666555,0.48436023260666555,20,0.0
1998-11-04 11:41:00+00:00,BBY,0.48439804218215493,0.48439804218215493,20,0.0
1998-11-04 11:42:00+00:00,BBY,0.49334963414482735,0.49334963414482735,20,0.0
1998-11-04 11:43:00+00:00,BBY,0.46488629934225345,0.46488629934225345,20,0.0
1998-11-04 11:44:00+00:00,BBY,0.4710407420403571,0.4710407420403571,20,0.0
1998-11-04 11:45:00+00:00,BBY,0.48436645594100625,0.48436645594100625,20,0.0
1998-11-04 11:46:00+00:00,BBY,0.46206674640016665,0.46206674640016665,20,0.0
1998-11-04 11:47:00+00:00,BBY,0.4586478325798928,0.4586478325798928,20,0.0
1998-11-04 11:48:00+00:00,BBY,0.4488724663336203,0.4488724663336203,20,0.0
1998-11-04 11:49:00+00:00,BBY,0.45703950022258333,0.45703950022258333,20,0.0
1998-11-04 11:50:00+00:00,BBY,0.45812735058854576,0.45812735058854576,20,0.0
1998-11-04 11:52:00+00:00,BBY,0.4505145022159244,0.4505145022159244,20,0.0
1998-11-04 11:53:00+00:00,BBY,0.4513079499074314,0.4513079499074314,20,0.0
1998-11-04 11:54:00+00:00,BBY,0.4544161708951562,0.4544161708951562,20,0.0
1998-11-04 11:55:00+00:00,BBY,0.4552659740121512,0.4552659740121512,20,0.0
1998-11-04 11:56:00+00:00,BBY,0.4318919356184351,0.4318919356184351,20,0.0
1998-11-04 11:57:00+00:00,BBY,0.41027714153033645,0.41027714153033645,20,0.0
1998-11-04 11:58:00+00:00,BBY,0.4088360174518025,0.4088360174518025,20,0.0
1998-11-04 11:59:00+00:00,BBY,0.43959324833310975,0.43959324833310975,20,0.0
1998-11-04 12:00:00+00:00,BBY,0.4480921015427778,0.4480921015427778,20,0.0
1998-11-04 12:01:00+00:00,BBY,0.4351413250522367,0.4351413250522367,20,0.0
1998-11-04 12:03:00+00:00,BBY,0.44168360698284875,0.44168360698284875,20,0.0
1998-11-04 12:04:00+00:00,BBY,0.44426796452392264,0.44426796452392264,20,0.0
1998-11-04 12:05:00+00:00,BBY,0.4436713183976591,0.4436713183976591,20,0.0
1998-11-04 12:06:00+00:00,BBY,0.4455606643391222,0.4455606643391222,20,0.0
1998-11-04 12:07:00+00:00,BBY,0.44851323246088154,0.44851323246088154,20,0.0
1998-11-04 12:08:00+00:00,BBY,0.44980851911126196,0.44980851911126196,20,0.0
1998-11-04 12:09:00+00:00,BBY,0.44359706974883534,0.44359706974883534,20,0.0
1998-11-04 12:10:00+00:00,BBY,0.4777454775784734,0.4777454775784734,20,0.0
1998-11-04 12:11:00+00:00,BBY,0.47674511782675244,0.47674511782675244,20,0.0
1998-11-04 12:13:00+00:00,BBY,0.4782982430767127,0.4782982430767127,20,0.0
1998-11-04 12:14:00+00:00,BBY,0.4498512214948371,0.4498512214948371,20,0.0
1998-11-04 12:15:00+00:00,BBY,0.5227917730597754,0.5227917730597754,20,0.0
1998-11-04 12:17:00+00:00,BBY,0.4462159993557892,0.4462159993557892,20,0.0
1998-11-04 12:18:00+00:00,BBY,0.46750437692847285,0.46750437692847285,20,0.0
1998-11-04 12:19:00+00:00,BBY,0.4684699616111232,0.4684699616111232,20,0.0
1998-11-04 12:20:00+00:00,BBY,0.45976151280407884,0.45976151280407884,20,0.0
1998-11-04 12:23:00+00:00,BBY,0.4938362219945265,0.4938362219945265,20,0.0
1998-11-04 12:24:00+00:00,BBY,0.4743058649940246,0.4743058649940246,20,0.0
1998-11-04 12:27:00+00:00,BBY,0.46779380042141994,0.46779380042141994,20,0.0
1998-11-04 12:29:00+00:00,BBY,0.47465546285449656,0.47465546285449656,20,0.0
1998-11-04 12:30:00+00:00,BBY,0.4788469750687368,0.4788469750687368,20,0.0
1998-11-04 12:31:00+00:00,BBY,0.4821067087125682,0.4821067087125682,20,0.0
1998-11-04 12:32:00+00:00,BBY,0.4826611455636695,0.4826611455636695,20,0.0
1998-11-04 12:33:00+00:00,BBY,0.5314053174503508,0.5314053174503508,20,0.0
1998-11-04 12:34:00+00:00,BBY,0.5333560882605362,0.5333560882605362,20,0.0
1998-11-04 12:36:00+00:00,BBY,0.5344266228824796,0.5344266228824796,20,0.0
1998-11-04 12:37:00+00:00,BBY,0.48285043452400644,0.48285043452400644,20,0.0
1998-11-04 12:38:00+00:00,BBY,0.5086033529191152,0.5086033529191152,20,0.0
1998-11-04 12:42:00+00:00,BBY,0.5085019271717383,0.5085019271717383,20,0.0
1998-11-04 12:43:00+00:00,BBY,0.4790154542288837,0.4790154542288837,20,0.0
1998-11-04 12:44:00+00:00,BBY,0.4795850339822909,0.4795850339822909,20,0.0
1998-11-04 12:46:00+00:00,BBY,0.4776377189651367,0.4776377189651367,20,0.0
1998-11-04 12:47:00+00:00,BBY,0.45714638376518196,0.45714638376518196,20,0.0
1998-11-04 12:48:00+00:00,BBY,0.477030582883133,0.477030582883133,20,0.0
1998-11-04 12:50:00+00:00,BBY,0.5195819952633761,0.5195819952633761,20,0.0
1998-11-04 12:51:00+00:00,BBY,0.5391175606918864,0.5391175606918864,20,0.0
1998-11-04 12:53:00+00:00,BBY,0.5313564715320445,0.5313564715320445,20,0.0
1998-11-04 12:54:00+00:00,BBY,0.47542226302709806,0.47542226302709806,20,0.0
1998-11-04 12:55:00+00:00,BBY,0.4739435511090741,0.4739435511090741,20,0.0
1998-11-04 12:56:00+00:00,BBY,0.4680304274057301,0.4680304274057301,20,0.0
1998-11-04 12:57:00+00:00,BBY,0.47801783225120054,0.47801783225120054,20,0.0
1998-11-04 12:58:00+00:00,BBY,0.4397986978920168,0.4397986978920168,20,0.0
1998-11-04 13:00:00+00:00,BBY,0.4555947131958967,0.4555947131958967,20,0.0
1998-11-04 13:01:00+00:00,BBY,0.4583851829052965,0.4583851829052965,20,0.0
1998-11-04 13:03:00+00:00,BBY,0.47068726902215996,0.47068726902215996,20,0.0
1998-11-04 13:04:00+00:00,BBY,0.5218696058536123,0.5218696058536123,20,0.0
1998-11-04 13:05:00+00:00,BBY,0.47388014434314524,0.47388014434314524,20,0.0
1998-11-04 13:06:00+00:00,BBY,0.4744979767058489,0.4744979767058489,20,0.0
1998-11-04 13:07:00+00:00,BBY,0.4736911624168137,0.4736911624168137,20,0.0
1998-11-04 13:10:00+00:00,BBY,0.47661992061084846,0.47661992061084846,20,0.0
1998-11-04 13:19:00+00:00,BBY,0.4669127006556274,0.4669127006556274,20,0.0
1998-11-04 13:22:00+00:00,BBY,0.46737999366230965,0.46737999366230965,20,0.0
1998-11-04 13:23:00+00:00,BBY,0.46782800353285353,0.46782800353285353,20,0.0
1998-11-04 13:24:00+00:00,BBY,0.46156231218261723,0.46156231218261723,20,0.0
1998-11-04 13:25:00+00:00,BBY,0.4633673685594262,0.4633673685594262,20,0.0
1998-11-04 13:26:00+00:00,BBY,0.46593835523995925,0.46593835523995925,20,0.0
1998-11-04 13:27:00+00:00,BBY,0.4670500917341667,0.4670500917341667,20,0.0
1998-11-04 13:33:00+00:00,BBY,0.4658134614689552,0.4658134614689552,20,0.0
1998-11-04 13:34:00+00:00,BBY,0.4723939895283033,0.4723939895283033,20,0.0
1998-11-04 13:35:00+00:00,BBY,0.4687723766915833,0.4687723766915833,20,0.0
1998-11-04 13:37:00+00:00,BBY,0.46243885399182355,0.46243885399182355,20,0.0
1998-11-04 13:38:00+00:00,BBY,0.458191107779131,0.458191107779131,20,0.0
1998-11-04 13:40:00+00:00,BBY,0.4644843806478314,0.4644843806478314,20,0.0
1998-11-04 13:41:00+00:00,BBY,0.45723766930432413,0.45723766930432413,20,0.0
1998-11-04 13:42:00+00:00,BBY,0.45846161585225104,0.45846161585225104,20,0.0
1998-11-04 13:46:00+00:00,BBY,0.45599627771620066,0.45599627771620066,20,0.0
1998-11-04 13:50:00+00:00,BBY,0.4555652012594198,0.4555652012594198,20,0.0
1998-11-04 13:51:00+00:00,BBY,0.461809844118694,0.461809844118694,20,0.0
1998-11-04 13:52:00+00:00,BBY,0.47651382680536536,0.47651382680536536,20,0.0
1998-11-04 13:53:00+00:00,BBY,0.46339464744482567,0.46339464744482567,20,0.0
1998-11-04 13:54:00+00:00,BBY,0.46699333481389943,0.46699333481389943,20,0.0
1998-11-04 13:56:00+00:00,BBY,0.4660033228087007,0.4660033228087007,20,0.0
1998-11-04 13:59:00+00:00,BBY,0.4626607267570898,0.4626607267570898,20,0.0
1998-11-04 14:01:00+00:00,BBY,0.46416446783894916,0.46416446783894916,20,0.0
1998-11-04 14:02:00+00:00,BBY,0.46402033371927526,0.46402033371927526,20,0.0
1998-11-04 14:03:00+00:00,BBY,0.4649046407022768,0.4649046407022768,20,0.0
1998-11-04 14:04:00+00:00,BBY,0.4717556045679612,0.4717556045679612,20,0.0
1998-11-04 14:05:00+00:00,BBY,0.47346133648919286,0.47346133648919286,20,0.0
1998-11-04 14:07:00+00:00,BBY,0.4601383816525298,0.4601383816525298,20,0.0
1998-11-04 14:08:00+00:00,BBY,0.49009901179312565,0.49009901179312565,20,0.0
1998-11-04 14:09:00+00:00,BBY,0.48971784933563783,0.48971784933563783,20,0.0
1998-11-04 14:13:00+00:00,BBY,0.4744180512645345,0.4744180512645345,20,0.0
1998-11-04 14:15:00+00:00,BBY,0.4741988698832699,0.4741988698832699,20,0.0
1998-11-04 14:16:00+00:00,BBY,0.4756880549943793,0.4756880549943793,20,0.0
1998-11-04 14:21:00+00:00,BBY,0.45834425948138224,0.45834425948138224,20,0.0
1998-11-04 14:22:00+00:00,BBY,0.45931038914255273,0.45931038914255273,20,0.0
1998-11-04 14:23:00+00:00,BBY,0.4604791674245974,0.4604791674245974,20,0.0
1998-11-04 14:25:00+00:00,BBY,0.4529140217065559,0.4529140217065559,20,0.0
1998-11-04 14:29:00+00:00,BBY,0.47272445849684563,0.47272445849684563,20,0.0
1998-11-04 14:30:00+00:00,BBY,0.45797491548835834,0.45797491548835834,20,0.0
1998-11-04 14:31:00+00:00,BBY,0.4667154989315222,0.4667154989315222,20,0.0
1998-11-04 14:32:00+00:00,BBY,0.4668905296248286,0.4668905296248286,20,0.0
1998-11-04 14:34:00+00:00,BBY,0.4617007590394614,0.4617007590394614,20,0.0
1998-11-04 14:35:00+00:00,BBY,0.4589830336289781,0.4589830336289781,20,0.0
1998-11-04 14:36:00+00:00,BBY,0.4655821083664615,0.4655821083664615,20,0.0
1998-11-04 14:37:00+00:00,BBY,0.47559470574314117,0.47559470574314117,20,0.0
1998-11-04 14:38:00+00:00,BBY,0.4755176091125582,0.4755176091125582,20,0.0
1998-11-04 14:39:00+00:00,BBY,0.47145760006809584,0.47145760006809584,20,0.0
1998-11-04 14:41:00+00:00,BBY,0.475682601496377,0.475682601496377,20,0.0
1998-11-04 14:42:00+00:00,BBY,0.474852567047289,0.474852567047289,20,0.0
1998-11-04 14:43:00+00:00,BBY,0.47774299901845196,0.47774299901845196,20,0.0
1998-11-04 14:44:00+00:00,BBY,0.47768909859888475,0.47768909859888475,20,0.0
1998-11-04 14:45:00+00:00,BBY,0.4778287595594726,0.4778287595594726,20,0.0
1998-11-04 14:47:00+00:00,BBY,0.466279038789219,0.466279038789219,20,0.0
1998-11-04 14:48:00+00:00,BBY,0.47282406898290247,0.47282406898290247,20,0.0
1998-11-04 14:50:00+00:00,BBY,0.471851066363362,0.471851066363362,20,0.0
1998-11-04 14:51:00+00:00,BBY,0.4796047333646221,0.4796047333646221,20,0.0
1998-11-04 14:52:00+00:00,BBY,0.4678374778380896,0.4678374778380896,20,0.0
1998-11-04 14:53:00+00:00,BBY,0.4598683494057261,0.4598683494057261,20,0.0
1998-11-04 14:54:00+00:00,BBY,0.45131788416650354,0.45131788416650354,20,0.0
1998-11-04 14:55:00+00:00,BBY,0.44604133352626535,0.44604133352626535,20,0.0
1998-11-04 14:56:00+00:00,BBY,0.42673458316986024,0.42673458316986024,20,0.0
1998-11-04 14:57:00+00:00,BBY,0.4240811356280629,0.4240811356280629,20,0.0
1998-11-04 14:58:00+00:00,BBY,0.42521305273310006,0.42521305273310006,20,0.0
1998-11-04 14:59:00+00:00,BBY,0.409429238817047,0.409429238817047,20,0.0
1998-11-04 15:00:00+00:00,BBY,0.4318473438846113,0.4318473438846113,20,0.0
1998-11-04 15:01:00+00:00,BBY,0.46164084733858335,0.46164084733858335,20,0.0
1998-11-04 15:02:00+00:00,BBY,0.47447090233623085,0.47447090233623085,20,0.0
1998-11-04 15:03:00+00:00,BBY,0.5293459537107621,0.5293459537107621,20,0.0
1998-11-04 15:04:00+00:00,BBY,0.5274056730648505,0.5274056730648505,20,0.0
1998-11-04 15:05:00+00:00,BBY,0.517891830203245,0.517891830203245,20,0.0
1998-11-04 15:07:00+00:00,BBY,0.4815624321995905,0.4815624321995905,20,0.0
1998-11-04 15:08:00+00:00,BBY,0.47291514973783216,0.47291514973783216,20,0.0
1998-11-04 15:09:00+00:00,BBY,0.4686942487659306,0.4686942487659306,20,0.0
1998-11-04 15:10:00+00:00,BBY,0.4790963813621533,0.4790963813621533,20,0.0
1998-11-04 15:11:00+00:00,BBY,0.4652984996647842,0.4652984996647842,20,0.0
1998-11-04 15:13:00+00:00,BBY,0.46335656905789263,0.46335656905789263,20,0.0
1998-11-04 15:14:00+00:00,BBY,0.4621005743723277,0.4621005743723277,20,0.0
1998-11-04 15:15:00+00:00,BBY,0.46360339737547934,0.46360339737547934,20,0.0
1998-11-04 15:17:00+00:00,BBY,0.46482669573042623,0.46482669573042623,20,0.0
1998-11-04 15:18:00+00:00,BBY,0.46455614897647013,0.46455614897647013,20,0.0
1998-11-04 15:20:00+00:00,BBY,0.46220507817575196,0.46220507817575196,20,0.0
1998-11-04 15:21:00+00:00,BBY,0.4629614784855732,0.4629614784855732,20,0.0
1998-11-04 15:22:00+00:00,BBY,0.4657561367714015,0.4657561367714015,20,0.0
1998-11-04 15:23:00+00:00,BBY,0.4673882685856748,0.4673882685856748,20,0.0
1998-11-04 15:25:00+00:00,BBY,0.4926098413716352,0.4926098413716352,20,0.0
1998-11-04 15:26:00+00:00,BBY,0.4727730343226412,0.4727730343226412,20,0.0
1998-11-04 15:27:00+00:00,BBY,0.46742635307239644,0.46742635307239644,20,0.0
1998-11-04 15:28:00+00:00,BBY,0.48030274381540533,0.48030274381540533,20,0.0
1998-11-04 15:29:00+00:00,BBY,0.4787530502493169,0.4787530502493169,20,0.0
1998-11-04 15:30:00+00:00,BBY,0.4841067687312594,0.4841067687312594,20,0.0
1998-11-04 15:31:00+00:00,BBY,0.47704688772123915,0.47704688772123915,20,0.0
1998-11-04 15:32:00+00:00,BBY,0.5554067773772915,0.5554067773772915,20,87.09931818449395
1998-11-04 15:33:00+00:00,BBY,0.5342310128308864,0.5342310128308864,20,0.0
1998-11-04 15:36:00+00:00,BBY,0.5355506393863351,0.5355506393863351,20,0.0
1998-11-04 15:37:00+00:00,BBY,0.5316099548413444,0.5316099548413444,20,0.0
1998-11-04 15:38:00+00:00,BBY,0.5318559910317413,0.5318559910317413,20,0.0
1998-11-04 15:41:00+00:00,BBY,0.5376395753034552,0.5376395753034552,20,0.0
1998-11-04 15:42:00+00:00,BBY,0.48705472561754254,0.48705472561754254,20,0.0
1998-11-04 15:43:00+00:00,BBY,0.4949781287938524,0.4949781287938524,20,0.0
1998-11-04 15:44:00+00:00,BBY,0.5314965904555036,0.5314965904555036,20,0.0
1998-11-04 15:45:00+00:00,BBY,0.4791901007837461,0.4791901007837461,20,0.0
1998-11-04 15:46:00+00:00,BBY,0.5241681795545308,0.5241681795545308,20,0.0
1998-11-04 15:47:00+00:00,BBY,0.4791937422840824,0.4791937422840824,20,0.0
1998-11-04 15:48:00+00:00,BBY,0.5274429445939179,0.5274429445939179,20,0.0
1998-11-04 15:49:00+00:00,BBY,0.5205381875719741,0.5205381875719741,20,0.0
1998-11-04 15:50:00+00:00,BBY,0.5262325665615406,0.5262325665615406,20,0.0
1998-11-04 15:51:00+00:00,BBY,0.5247323752779367,0.5247323752779367,20,0.0
1998-11-04 15:52:00+00:00,BBY,0.4711316631765394,0.4711316631765394,20,0.0
1998-11-04 15:53:00+00:00,BBY,0.4620890881307232,0.4620890881307232,20,0.0
1998-11-04 15:54:00+00:00,BBY,0.4804030753022316,0.4804030753022316,20,0.0
1998-11-04 15:56:00+00:00,BBY,0.5108933985352132,0.5108933985352132,20,0.0
1998-11-04 15:57:00+00:00,BBY,0.4786137401890084,0.4786137401890084,20,0.0
1998-11-04 15:58:00+00:00,BBY,0.4717185801590943,0.4717185801590943,20,0.0
1998-11-05 09:36:00+00:00,BBY,0.44937927598651756,0.44937927598651756,20,0.0
1998-11-05 09:38:00+00:00,BBY,0.45417834289647163,0.45417834289647163,20,0.0
1998-11-05 09:39:00+00:00,BBY,0.45397133444442295,0.45397133444442295,20,0.0
1998-11-05 09:40:00+00:00,BBY,0.4543339976766014,0.4543339976766014,20,0.0
1998-11-05 09:41:00+00:00,BBY,0.4293203464543288,0.4293203464543288,20,0.0
1998-11-05 09:42:00+00:00,BBY,0.4300804959092912,0.4300804959092912,20,0.0
1998-11-05 09:43:00+00:00,BBY,0.43305318530898407,0.43305318530898407,20,0.0
1998-11-05 09:46:00+00:00,BBY,0.4301087713730823,0.4301087713730823,20,0.0
1998-11-05 09:47:00+00:00,BBY,0.4351552358067828,0.4351552358067828,20,0.0
1998-11-05 09:48:00+00:00,BBY,0.43896755741844123,0.43896755741844123,20,0.0
1998-11-05 09:49:00+00:00,BBY,0.47950942599886126,0.47950942599886126,20,0.0
1998-11-05 09:50:00+00:00,BBY,0.49522107665983306,0.49522107665983306,20,0.0
1998-11-05 09:51:00+00:00,BBY,0.5081953229159825,0.5081953229159825,20,0.0
1998-11-05 09:52:00+00:00,BBY,0.49816609816074875,0.49816609816074875,20,0.0
1998-11-05 09:54:00+00:00,BBY,0.4578089159577381,0.4578089159577381,20,0.0
1998-11-05 09:55:00+00:00,BBY,0.45777299930674076,0.45777299930674076,20,0.0
1998-11-05 09:57:00+00:00,BBY,0.45832474665189155,0.45832474665189155,20,0.0
1998-11-05 09:58:00+00:00,BBY,0.4578754912362355,0.4578754912362355,20,0.0
1998-11-05 09:59:00+00:00,BBY,0.4725234655936697,0.4725234655936697,20,0.0
1998-11-05 10:00:00+00:00,BBY,0.47436040836327265,0.47436040836327265,20,0.0
1998-11-05 10:01:00+00:00,BBY,0.4778383257452938,0.4778383257452938,20,0.0
1998-11-05 10:02:00+00:00,BBY,0.506201338963451,0.506201338963451,20,0.0
1998-11-05 10:03:00+00:00,BBY,0.504509409029037,0.504509409029037,20,0.0
1998-11-05 10:04:00+00:00,BBY,0.5051307368803312,0.5051307368803312,20,0.0
1998-11-05 10:05:00+00:00,BBY,0.50975430515749,0.50975430515749,20,0.0
1998-11-05 10:06:00+00:00,BBY,0.523044174096381,0.523044174096381,20,0.0
1998-11-05 10:07:00+00:00,BBY,0.5205929102569644,0.5205929102569644,20,0.0
1998-11-05 10:08:00+00:00,BBY,0.5067586836677351,0.5067586836677351,20,0.0
1998-11-05 10:10:00+00:00,BBY,0.51013359448841,0.51013359448841,20,0.0
1998-11-05 10:11:00+00:00,BBY,0.49751339812240597,0.49751339812240597,20,0.0
1998-11-05 10:12:00+00:00,BBY,0.4976758649792207,0.4976758649792207,20,0.0
1998-11-05 10:13:00+00:00,BBY,0.5037209002850954,0.5037209002850954,20,0.0
1998-11-05 10:15:00+00:00,BBY,0.5148328407054147,0.5148328407054147,20,0.0
1998-11-05 10:16:00+00:00,BBY,0.5310472313677496,0.5310472313677496,20,0.0
1998-11-05 10:17:00+00:00,BBY,0.5149332215095562,0.5149332215095562,20,0.0
1998-11-05 10:18:00+00:00,BBY,0.5307105989203276,0.5307105989203276,20,0.0
1998-11-05 10:19:00+00:00,BBY,0.5301727279150482,0.5301727279150482,20,0.0
1998-11-05 10:22:00+00:00,BBY,0.529699277725865,0.529699277725865,20,0.0
1998-11-05 10:24:00+00:00,BBY,0.5294373243691269,0.5294373243691269,20,0.0
1998-11-05 10:25:00+00:00,BBY,0.4860869410075746,0.4860869410075746,20,0.0
1998-11-05 10:26:00+00:00,BBY,0.5071936171151646,0.5071936171151646,20,0.0
1998-11-05 10:27:00+00:00,BBY,0.5272257539489619,0.5272257539489619,20,0.0
1998-11-05 10:29:00+00:00,BBY,0.4603251673414349,0.4603251673414349,20,0.0
1998-11-05 10:30:00+00:00,BBY,0.46009814515282266,0.46009814515282266,20,0.0
1998-11-05 10:31:00+00:00,BBY,0.4616151565017055,0.4616151565017055,20,0.0
1998-11-05 10:33:00+00:00,BBY,0.46288146396911706,0.46288146396911706,20,0.0
1998-11-05 10:34:00+00:00,BBY,0.46968683253918797,0.46968683253918797,20,0.0
1998-11-05 10:35:00+00:00,BBY,0.4764318057245205,0.4764318057245205,20,0.0
1998-11-05 10:36:00+00:00,BBY,0.47343715427632616,0.47343715427632616,20,0.0
1998-11-05 10:37:00+00:00,BBY,0.477960421543135,0.477960421543135,20,0.0
1998-11-05 10:38:00+00:00,BBY,0.4750959982268916,0.4750959982268916,20,0.0
1998-11-05 10:41:00+00:00,BBY,0.4759057200878924,0.4759057200878924,20,0.0
1998-11-05 10:42:00+00:00,BBY,0.46782397611646287,0.46782397611646287,20,0.0
1998-11-05 10:43:00+00:00,BBY,0.4681815861545641,0.4681815861545641,20,0.0
1998-11-05 10:44:00+00:00,BBY,0.4688436417648049,0.4688436417648049,20,0.0
1998-11-05 10:46:00+00:00,BBY,0.4694194292889129,0.4694194292889129,20,0.0
1998-11-05 10:49:00+00:00,BBY,0.5208628863870073,0.5208628863870073,20,0.0
1998-11-05 10:50:00+00:00,BBY,0.5233147814156928,0.5233147814156928,20,0.0
1998-11-05 10:51:00+00:00,BBY,0.5270726517143972,0.5270726517143972,20,0.0
1998-11-05 10:54:00+00:00,BBY,0.4779469689629917,0.4779469689629917,20,0.0
1998-11-05 10:55:00+00:00,BBY,0.4786879503949611,0.4786879503949611,20,0.0
1998-11-05 10:56:00+00:00,BBY,0.5077876480746851,0.5077876480746851,20,0.0
1998-11-05 10:58:00+00:00,BBY,0.5274359775163463,0.5274359775163463,20,0.0
1998-11-05 11:00:00+00:00,BBY,0.46071463846631144,0.46071463846631144,20,0.0
1998-11-05 11:03:00+00:00,BBY,0.47523740153020083,0.47523740153020083,20,0.0
1998-11-05 11:05:00+00:00,BBY,0.46959512928221864,0.46959512928221864,20,0.0
1998-11-05 11:06:00+00:00,BBY,0.4711690807193017,0.4711690807193017,20,0.0
1998-11-05 11:08:00+00:00,BBY,0.4617689295337782,0.4617689295337782,20,0.0
1998-11-05 11:11:00+00:00,BBY,0.46903300604166365,0.46903300604166365,20,0.0
1998-11-05 11:12:00+00:00,BBY,0.4673823078534401,0.4673823078534401,20,0.0
1998-11-05 11:14:00+00:00,BBY,0.4689208932376004,0.4689208932376004,20,0.0
1998-11-05 11:15:00+00:00,BBY,0.46672051403073017,0.46672051403073017,20,0.0
1998-11-05 11:16:00+00:00,BBY,0.4682049882368948,0.4682049882368948,20,0.0
1998-11-05 11:17:00+00:00,BBY,0.4656293656193491,0.4656293656193491,20,0.0
1998-11-05 11:23:00+00:00,BBY,0.46902376634871024,0.46902376634871024,20,0.0
1998-11-05 11:24:00+00:00,BBY,0.4699449838745404,0.4699449838745404,20,0.0
1998-11-05 11:25:00+00:00,BBY,0.47435605818155185,0.47435605818155185,20,0.0
1998-11-05 11:26:00+00:00,BBY,0.4777495894447392,0.4777495894447392,20,0.0
1998-11-05 11:30:00+00:00,BBY,0.4742015499763784,0.4742015499763784,20,0.0
1998-11-05 11:31:00+00:00,BBY,0.47141794489824296,0.47141794489824296,20,0.0
1998-11-05 11:32:00+00:00,BBY,0.47504597941006477,0.47504597941006477,20,0.0
1998-11-05 11:33:00+00:00,BBY,0.4792726162166635,0.4792726162166635,20,0.0
1998-11-05 11:36:00+00:00,BBY,0.48161937341308625,0.48161937341308625,20,0.0
1998-11-05 11:37:00+00:00,BBY,0.4834246384530002,0.4834246384530002,20,0.0
1998-11-05 11:38:00+00:00,BBY,0.4953217128902557,0.4953217128902557,20,0.0
1998-11-05 11:39:00+00:00,BBY,0.49611006653706374,0.49611006653706374,20,0.0
1998-11-05 11:43:00+00:00,BBY,0.4796782583691278,0.4796782583691278,20,0.0
1998-11-05 11:44:00+00:00,BBY,0.4969741637489754,0.4969741637489754,20,0.0
1998-11-05 11:46:00+00:00,BBY,0.49750720692376216,0.49750720692376216,20,0.0
1998-11-05 11:50:00+00:00,BBY,0.4977716372391205,0.4977716372391205,20,0.0
1998-11-05 11:55:00+00:00,BBY,0.49771753890452075,0.49771753890452075,20,0.0
1998-11-05 11:56:00+00:00,BBY,0.49670545285835366,0.49670545285835366,20,0.0
1998-11-05 11:58:00+00:00,BBY,0.49649524335029543,0.49649524335029543,20,0.0
1998-11-05 12:00:00+00:00,BBY,0.49769355331814,0.49769355331814,20,0.0
1998-11-05 12:04:00+00:00,BBY,0.49674702652776664,0.49674702652776664,20,0.0
1998-11-05 12:05:00+00:00,BBY,0.49676270301935727,0.49676270301935727,20,0.0
1998-11-05 12:06:00+00:00,BBY,0.49677700091802746,0.49677700091802746,20,0.0
1998-11-05 12:07:00+00:00,BBY,0.49690871914004925,0.49690871914004925,20,0.0
1998-11-05 12:09:00+00:00,BBY,0.49661425264446935,0.49661425264446935,20,0.0
1998-11-05 12:12:00+00:00,BBY,0.49585070142126814,0.49585070142126814,20,0.0
1998-11-05 12:14:00+00:00,BBY,0.49629178677711167,0.49629178677711167,20,0.0
1998-11-05 12:15:00+00:00,BBY,0.4949335761293875,0.4949335761293875,20,0.0
1998-11-05 12:18:00+00:00,BBY,0.49568085847788207,0.49568085847788207,20,0.0
1998-11-05 12:19:00+00:00,BBY,0.49834216866079223,0.49834216866079223,20,0.0
1998-11-05 12:21:00+00:00,BBY,0.4967919606536061,0.4967919606536061,20,0.0
1998-11-05 12:22:00+00:00,BBY,0.49948739062145087,0.49948739062145087,20,0.0
1998-11-05 12:24:00+00:00,BBY,0.49935379908819344,0.49935379908819344,20,0.0
1998-11-05 12:33:00+00:00,BBY,0.502085750484018,0.502085750484018,20,0.0
1998-11-05 12:34:00+00:00,BBY,0.49766259314136974,0.49766259314136974,20,0.0
1998-11-05 12:35:00+00:00,BBY,0.4996390995309446,0.4996390995309446,20,0.0
1998-11-05 12:40:00+00:00,BBY,0.49963203943528917,0.49963203943528917,20,0.0
1998-11-05 12:41:00+00:00,BBY,0.5014547015046006,0.5014547015046006,20,0.0
1998-11-05 12:42:00+00:00,BBY,0.5014416438996414,0.5014416438996414,20,0.0
1998-11-05 12:43:00+00:00,BBY,0.5009817592691377,0.5009817592691377,20,0.0
1998-11-05 12:44:00+00:00,BBY,0.5009497197252704,0.5009497197252704,20,0.0
1998-11-05 12:45:00+00:00,BBY,0.49982268765861415,0.49982268765861415,20,0.0
1998-11-05 12:46:00+00:00,BBY,0.49979887062565415,0.49979887062565415,20,0.0
1998-11-05 12:47:00+00:00,BBY,0.49897725412892324,0.49897725412892324,20,0.0
1998-11-05 12:48:00+00:00,BBY,0.4980494862393542,0.4980494862393542,20,0.0
1998-11-05 12:49:00+00:00,BBY,0.4997742082208457,0.4997742082208457,20,0.0
1998-11-05 12:50:00+00:00,BBY,0.5005395495405187,0.5005395495405187,20,0.0
1998-11-05 12:51:00+00:00,BBY,0.4994053314921557,0.4994053314921557,20,0.0
1998-11-05 12:52:00+00:00,BBY,0.4996424240207795,0.4996424240207795,20,0.0
1998-11-05 12:53:00+00:00,BBY,0.4987553035166174,0.4987553035166174,20,0.0
1998-11-05 12:54:00+00:00,BBY,0.4975386224253037,0.4975386224253037,20,0.0
1998-11-05 12:56:00+00:00,BBY,0.49338831586231907,0.49338831586231907,20,0.0
1998-11-05 12:57:00+00:00,BBY,0.5059778841331529,0.5059778841331529,20,0.0
1998-11-05 12:59:00+00:00,BBY,0.5066075859473006,0.5066075859473006,20,0.0
1998-11-05 13:00:00+00:00,BBY,0.5066188541424735,0.5066188541424735,20,0.0
1998-11-05 13:01:00+00:00,BBY,0.5092441339880904,0.5092441339880904,20,0.0
1998-11-05 13:02:00+00:00,BBY,0.5266413652305716,0.5266413652305716,20,0.0
1998-11-05 13:03:00+00:00,BBY,0.5065136225424829,0.5065136225424829,20,0.0
1998-11-05 13:04:00+00:00,BBY,0.5070909013010995,0.5070909013010995,20,0.0
1998-11-05 13:06:00+00:00,BBY,0.5069575474680421,0.5069575474680421,20,0.0
1998-11-05 13:07:00+00:00,BBY,0.5226164268889885,0.5226164268889885,20,0.0
1998-11-05 13:08:00+00:00,BBY,0.528380125465414,0.528380125465414,20,0.0
1998-11-05 13:09:00+00:00,BBY,0.47727092899274026,0.47727092899274026,20,0.0
1998-11-05 13:10:00+00:00,BBY,0.5268404982896421,0.5268404982896421,20,0.0
1998-11-05 13:12:00+00:00,BBY,0.47741663428719794,0.47741663428719794,20,0.0
1998-11-05 13:13:00+00:00,BBY,0.4643565813360101,0.4643565813360101,20,0.0
1998-11-05 13:14:00+00:00,BBY,0.4762674185169019,0.4762674185169019,20,0.0
1998-11-05 13:21:00+00:00,BBY,0.47103502584232204,0.47103502584232204,20,0.0
1998-11-05 13:23:00+00:00,BBY,0.4716616082451851,0.4716616082451851,20,0.0
1998-11-05 13:25:00+00:00,BBY,0.47440095221690043,0.47440095221690043,20,0.0
1998-11-05 13:26:00+00:00,BBY,0.4753761191681322,0.4753761191681322,20,0.0
1998-11-05 13:27:00+00:00,BBY,0.47758181290435764,0.47758181290435764,20,0.0
1998-11-05 13:28:00+00:00,BBY,0.4872024454793354,0.4872024454793354,20,0.0
1998-11-05 13:29:00+00:00,BBY,0.4790616445238202,0.4790616445238202,20,0.0
1998-11-05 13:30:00+00:00,BBY,0.48426448006119327,0.48426448006119327,20,0.0
1998-11-05 13:31:00+00:00,BBY,0.5040517669130594,0.5040517669130594,20,0.0
1998-11-05 13:32:00+00:00,BBY,0.5037503688591355,0.5037503688591355,20,0.0
1998-11-05 13:33:00+00:00,BBY,0.5034961487887345,0.5034961487887345,20,0.0
1998-11-05 13:34:00+00:00,BBY,0.4805804389727684,0.4805804389727684,20,0.0
1998-11-05 13:36:00+00:00,BBY,0.5031001592344156,0.5031001592344156,20,0.0
1998-11-05 13:37:00+00:00,BBY,0.49696391948737095,0.49696391948737095,20,0.0
1998-11-05 13:39:00+00:00,BBY,0.4975150085438475,0.4975150085438475,20,0.0
1998-11-05 13:40:00+00:00,BBY,0.4950002168074131,0.4950002168074131,20,0.0
1998-11-05 13:41:00+00:00,BBY,0.5041904170542577,0.5041904170542577,20,0.0
1998-11-05 13:42:00+00:00,BBY,0.5130481694059397,0.5130481694059397,20,0.0
1998-11-05 13:43:00+00:00,BBY,0.5119879188532571,0.5119879188532571,20,0.0
1998-11-05 13:44:00+00:00,BBY,0.5110111515228589,0.5110111515228589,20,0.0
1998-11-05 13:45:00+00:00,BBY,0.5071674283930814,0.5071674283930814,20,0.0
1998-11-05 13:46:00+00:00,BBY,0.5317523475642565,0.5317523475642565,20,0.0
1998-11-05 13:47:00+00:00,BBY,0.5298779375685884,0.5298779375685884,20,0.0
1998-11-05 13:48:00+00:00,BBY,0.5282319710490413,0.5282319710490413,20,0.0
1998-11-05 13:50:00+00:00,BBY,0.5247399307236585,0.5247399307236585,20,0.0
1998-11-05 13:54:00+00:00,BBY,0.5149735580501207,0.5149735580501207,20,0.0
1998-11-05 13:55:00+00:00,BBY,0.4877755762827579,0.4877755762827579,20,0.0
1998-11-05 13:56:00+00:00,BBY,0.5289037497276634,0.5289037497276634,20,0.0
1998-11-05 13:57:00+00:00,BBY,0.47967528470176163,0.47967528470176163,20,0.0
1998-11-05 13:58:00+00:00,BBY,0.476380002045271,0.476380002045271,20,0.0
1998-11-05 13:59:00+00:00,BBY,0.5065819430222949,0.5065819430222949,20,0.0
1998-11-05 14:01:00+00:00,BBY,0.5070583951149896,0.5070583951149896,20,0.0
1998-11-05 14:03:00+00:00,BBY,0.5070353072457201,0.5070353072457201,20,0.0
1998-11-05 14:06:00+00:00,BBY,0.49373858896819156,0.49373858896819156,20,0.0
1998-11-05 14:13:00+00:00,BBY,0.4905506191088253,0.4905506191088253,20,0.0
1998-11-05 14:14:00+00:00,BBY,0.49020287102724075,0.49020287102724075,20,0.0
1998-11-05 14:16:00+00:00,BBY,0.490749088854916,0.490749088854916,20,0.0
1998-11-05 14:17:00+00:00,BBY,0.4841624154124724,0.4841624154124724,20,0.0
1998-11-05 14:18:00+00:00,BBY,0.4926318908787519,0.4926318908787519,20,0.0
1998-11-05 14:19:00+00:00,BBY,0.49413083090182097,0.49413083090182097,20,0.0
1998-11-05 14:21:00+00:00,BBY,0.49473253785999377,0.49473253785999377,20,0.0
1998-11-05 14:25:00+00:00,BBY,0.49450996098653766,0.49450996098653766,20,0.0
1998-11-05 14:26:00+00:00,BBY,0.4925152011654975,0.4925152011654975,20,0.0
1998-11-05 14:29:00+00:00,BBY,0.49513502807434395,0.49513502807434395,20,0.0
1998-11-05 14:30:00+00:00,BBY,0.5020302321893425,0.5020302321893425,20,0.0
1998-11-05 14:31:00+00:00,BBY,0.503848955654641,0.503848955654641,20,0.0
1998-11-05 14:34:00+00:00,BBY,0.5038297929551495,0.5038297929551495,20,0.0
1998-11-05 14:37:00+00:00,BBY,0.5042326668957523,0.5042326668957523,20,0.0
1998-11-05 14:38:00+00:00,BBY,0.5039249274551997,0.5039249274551997,20,0.0
1998-11-05 14:41:00+00:00,BBY,0.5037544854907624,0.5037544854907624,20,0.0
1998-11-05 14:42:00+00:00,BBY,0.5034702527635978,0.5034702527635978,20,0.0
1998-11-05 14:44:00+00:00,BBY,0.49470844119892193,0.49470844119892193,20,0.0
1998-11-05 14:45:00+00:00,BBY,0.49593459287611547,0.49593459287611547,20,0.0
1998-11-05 14:47:00+00:00,BBY,0.49702592762573666,0.49702592762573666,20,0.0
1998-11-05 14:48:00+00:00,BBY,0.49301798846082995,0.49301798846082995,20,0.0
1998-11-05 14:49:00+00:00,BBY,0.46603621115065913,0.46603621115065913,20,0.0
1998-11-05 14:50:00+00:00,BBY,0.4655613628116603,0.4655613628116603,20,0.0
1998-11-05 14:51:00+00:00,BBY,0.46514971496944485,0.46514971496944485,20,0.0
1998-11-05 14:52:00+00:00,BBY,0.46559068383006025,0.46559068383006025,20,0.0
1998-11-05 14:54:00+00:00,BBY,0.4842606174329372,0.4842606174329372,20,0.0
1998-11-05 14:55:00+00:00,BBY,0.5065921976806913,0.5065921976806913,20,0.0
1998-11-05 14:56:00+00:00,BBY,0.4848386442257784,0.4848386442257784,20,0.0
1998-11-05 14:57:00+00:00,BBY,0.4607239833292648,0.4607239833292648,20,0.0
1998-11-05 14:58:00+00:00,BBY,0.46224426236216176,0.46224426236216176,20,0.0
1998-11-05 14:59:00+00:00,BBY,0.5063926747262063,0.5063926747262063,20,0.0
1998-11-05 15:00:00+00:00,BBY,0.49053546429606315,0.49053546429606315,20,0.0
1998-11-05 15:01:00+00:00,BBY,0.4907973443660075,0.4907973443660075,20,0.0
1998-11-05 15:02:00+00:00,BBY,0.4909823194381119,0.4909823194381119,20,0.0
1998-11-05 15:03:00+00:00,BBY,0.5034750309513117,0.5034750309513117,20,0.0
1998-11-05 15:04:00+00:00,BBY,0.4964852567439363,0.4964852567439363,20,0.0
1998-11-05 15:07:00+00:00,BBY,0.5064636475856101,0.5064636475856101,20,0.0
1998-11-05 15:08:00+00:00,BBY,0.5282955041564203,0.5282955041564203,20,0.0
1998-11-05 15:09:00+00:00,BBY,0.5273398887798579,0.5273398887798579,20,0.0
1998-11-05 15:10:00+00:00,BBY,0.5257008931700382,0.5257008931700382,20,0.0
1998-11-05 15:11:00+00:00,BBY,0.5282973019188396,0.5282973019188396,20,0.0
1998-11-05 15:14:00+00:00,BBY,0.5280882473349094,0.5280882473349094,20,0.0
1998-11-05 15:16:00+00:00,BBY,0.5239036036378759,0.5239036036378759,20,0.0
1998-11-05 15:17:00+00:00,BBY,0.5272422624153993,0.5272422624153993,20,0.0
1998-11-05 15:19:00+00:00,BBY,0.5125956668374068,0.5125956668374068,20,0.0
1998-11-05 15:21:00+00:00,BBY,0.5126119008206941,0.5126119008206941,20,0.0
1998-11-05 15:22:00+00:00,BBY,0.5122671476196307,0.5122671476196307,20,0.0
1998-11-05 15:23:00+00:00,BBY,0.5046019598490763,0.5046019598490763,20,0.0
1998-11-05 15:25:00+00:00,BBY,0.508336765359897,0.508336765359897,20,0.0
1998-11-05 15:27:00+00:00,BBY,0.5122605368616376,0.5122605368616376,20,0.0
1998-11-05 15:29:00+00:00,BBY,0.5236054853761576,0.5236054853761576,20,0.0
1998-11-05 15:31:00+00:00,BBY,0.5230936121418173,0.5230936121418173,20,0.0
1998-11-05 15:32:00+00:00,BBY,0.5099385104733468,0.5099385104733468,20,0.0
1998-11-05 15:33:00+00:00,BBY,0.524488413729351,0.524488413729351,20,0.0
1998-11-05 15:34:00+00:00,BBY,0.530398337257541,0.530398337257541,20,0.0
1998-11-05 15:35:00+00:00,BBY,0.5230087907491446,0.5230087907491446,20,0.0
1998-11-05 15:36:00+00:00,BBY,0.507338683888764,0.507338683888764,20,0.0
1998-11-05 15:37:00+00:00,BBY,0.5073243772504555,0.5073243772504555,20,0.0
1998-11-05 15:38:00+00:00,BBY,0.5071724058078637,0.5071724058078637,20,0.0
1998-11-05 15:39:00+00:00,BBY,0.5097558867735356,0.5097558867735356,20,0.0
1998-11-05 15:41:00+00:00,BBY,0.5113029330752406,0.5113029330752406,20,0.0
1998-11-05 15:42:00+00:00,BBY,0.4938570172159745,0.4938570172159745,20,0.0
1998-11-05 15:46:00+00:00,BBY,0.4977795947430379,0.4977795947430379,20,0.0
1998-11-05 15:48:00+00:00,BBY,0.50358458030038,0.50358458030038,20,0.0
1998-11-05 15:49:00+00:00,BBY,0.5305776144821239,0.5305776144821239,20,0.0
1998-11-05 15:50:00+00:00,BBY,0.49165675561969263,0.49165675561969263,20,0.0
1998-11-05 15:51:00+00:00,BBY,0.4928199681178675,0.4928199681178675,20,0.0
1998-11-05 15:52:00+00:00,BBY,0.503356320201948,0.503356320201948,20,0.0
1998-11-05 15:54:00+00:00,BBY,0.4919935240079511,0.4919935240079511,20,0.0
1998-11-05 15:55:00+00:00,BBY,0.49189708817581346,0.49189708817581346,20,0.0
1998-11-05 15:57:00+00:00,BBY,0.45925260733909706,0.45925260733909706,20,0.0
1998-11-05 15:58:00+00:00,BBY,0.4559050808867617,0.4559050808867617,20,0.0
1998-11-05 15:59:00+00:00,BBY,0.46071266318943804,0.46071266318943804,20,0.0
1998-11-06 09:34:00+00:00,BBY,0.45740728688974325,0.45740728688974325,20,0.0
1998-11-06 09:35:00+00:00,BBY,0.45605362452131526,0.45605362452131526,20,0.0
1998-11-06 09:36:00+00:00,BBY,0.45330013547768705,0.45330013547768705,20,0.0
1998-11-06 09:37:00+00:00,BBY,0.46891060581044014,0.46891060581044014,20,0.0
1998-11-06 09:38:00+00:00,BBY,0.46841972294861794,0.46841972294861794,20,0.0
1998-11-06 09:40:00+00:00,BBY,0.457136428260351,0.457136428260351,20,0.0
1998-11-06 09:41:00+00:00,BBY,0.45103319587511687,0.45103319587511687,20,0.0
1998-11-06 09:42:00+00:00,BBY,0.4671871707202348,0.4671871707202348,20,0.0
1998-11-06 09:43:00+00:00,BBY,0.4421514548199035,0.4421514548199035,20,0.0
1998-11-06 09:44:00+00:00,BBY,0.4323783723128541,0.4323783723128541,20,0.0
1998-11-06 09:45:00+00:00,BBY,0.43313311653241876,0.43313311653241876,20,0.0
1998-11-06 09:46:00+00:00,BBY,0.4438468114568811,0.4438468114568811,20,0.0
1998-11-06 09:47:00+00:00,BBY,0.4536577052900831,0.4536577052900831,20,0.0
1998-11-06 09:48:00+00:00,BBY,0.4541742491026124,0.4541742491026124,20,0.0
1998-11-06 09:50:00+00:00,BBY,0.4555593475071962,0.4555593475071962,20,0.0
1998-11-06 09:51:00+00:00,BBY,0.47271065364841397,0.47271065364841397,20,0.0
1998-11-06 09:52:00+00:00,BBY,0.4738182581868232,0.4738182581868232,20,0.0
1998-11-06 09:53:00+00:00,BBY,0.47987968006546805,0.47987968006546805,20,0.0
1998-11-06 09:55:00+00:00,BBY,0.47559059215908583,0.47559059215908583,20,0.0
1998-11-06 09:56:00+00:00,BBY,0.4735341878997767,0.4735341878997767,20,0.0
1998-11-06 09:58:00+00:00,BBY,0.47510787058935106,0.47510787058935106,20,0.0
1998-11-06 10:01:00+00:00,BBY,0.48481818646176517,0.48481818646176517,20,0.0
1998-11-06 10:02:00+00:00,BBY,0.48158355157882843,0.48158355157882843,20,0.0
1998-11-06 10:03:00+00:00,BBY,0.4820287444747957,0.4820287444747957,20,0.0
1998-11-06 10:04:00+00:00,BBY,0.47995675916483616,0.47995675916483616,20,0.0
1998-11-06 10:05:00+00:00,BBY,0.4819383301814479,0.4819383301814479,20,0.0
1998-11-06 10:06:00+00:00,BBY,0.5067114832661501,0.5067114832661501,20,0.0
1998-11-06 10:07:00+00:00,BBY,0.5064808988482522,0.5064808988482522,20,0.0
1998-11-06 10:08:00+00:00,BBY,0.5066049752212566,0.5066049752212566,20,0.0
1998-11-06 10:09:00+00:00,BBY,0.4864594194488834,0.4864594194488834,20,0.0
1998-11-06 10:10:00+00:00,BBY,0.5198410116583618,0.5198410116583618,20,0.0
1998-11-06 10:11:00+00:00,BBY,0.4872610401003707,0.4872610401003707,20,0.0
1998-11-06 10:13:00+00:00,BBY,0.51778512089031,0.51778512089031,20,0.0
1998-11-06 10:15:00+00:00,BBY,0.5160133406972802,0.5160133406972802,20,0.0
1998-11-06 10:16:00+00:00,BBY,0.524099811059891,0.524099811059891,20,0.0
1998-11-06 10:17:00+00:00,BBY,0.5229404409540405,0.5229404409540405,20,0.0
1998-11-06 10:18:00+00:00,BBY,0.48516554199739365,0.48516554199739365,20,0.0
1998-11-06 10:19:00+00:00,BBY,0.48550452359147406,0.48550452359147406,20,0.0
1998-11-06 10:21:00+00:00,BBY,0.5222357952095241,0.5222357952095241,20,0.0
1998-11-06 10:23:00+00:00,BBY,0.48166547925235986,0.48166547925235986,20,0.0
1998-11-06 10:25:00+00:00,BBY,0.48425043251197186,0.48425043251197186,20,0.0
1998-11-06 10:26:00+00:00,BBY,0.4802280550663998,0.4802280550663998,20,0.0
1998-11-06 10:27:00+00:00,BBY,0.48047254643618825,0.48047254643618825,20,0.0
1998-11-06 10:28:00+00:00,BBY,0.47961370286836974,0.47961370286836974,20,0.0
1998-11-06 10:29:00+00:00,BBY,0.5240574286373847,0.5240574286373847,20,0.0
1998-11-06 10:30:00+00:00,BBY,0.5234263798790393,0.5234263798790393,20,0.0
1998-11-06 10:36:00+00:00,BBY,0.5237425577005689,0.5237425577005689,20,0.0
1998-11-06 10:38:00+00:00,BBY,0.5243254192261692,0.5243254192261692,20,0.0
1998-11-06 10:39:00+00:00,BBY,0.5217696804432392,0.5217696804432392,20,0.0
1998-11-06 10:44:00+00:00,BBY,0.522397973681895,0.522397973681895,20,0.0
1998-11-06 10:45:00+00:00,BBY,0.5133843611953823,0.5133843611953823,20,0.0
1998-11-06 10:48:00+00:00,BBY,0.514357768477627,0.514357768477627,20,0.0
1998-11-06 10:49:00+00:00,BBY,0.5144907065731704,0.5144907065731704,20,0.0
1998-11-06 10:50:00+00:00,BBY,0.48294617613274815,0.48294617613274815,20,0.0
1998-11-06 10:51:00+00:00,BBY,0.4690985040916328,0.4690985040916328,20,0.0
1998-11-06 10:52:00+00:00,BBY,0.46366940802929135,0.46366940802929135,20,0.0
1998-11-06 10:55:00+00:00,BBY,0.4680915167154162,0.4680915167154162,20,0.0
1998-11-06 10:56:00+00:00,BBY,0.4529064590423643,0.4529064590423643,20,0.0
1998-11-06 10:57:00+00:00,BBY,0.434539486252712,0.434539486252712,20,0.0
1998-11-06 10:58:00+00:00,BBY,0.4742779201488396,0.4742779201488396,20,0.0
1998-11-06 11:00:00+00:00,BBY,0.4377537857519849,0.4377537857519849,20,0.0
1998-11-06 11:01:00+00:00,BBY,0.4440536268067628,0.4440536268067628,20,0.0
1998-11-06 11:02:00+00:00,BBY,0.44228152231695905,0.44228152231695905,20,0.0
1998-11-06 11:03:00+00:00,BBY,0.43545774223140343,0.43545774223140343,20,0.0
1998-11-06 11:04:00+00:00,BBY,0.45070313362345094,0.45070313362345094,20,0.0
1998-11-06 11:06:00+00:00,BBY,0.4566459755837105,0.4566459755837105,20,0.0
1998-11-06 11:07:00+00:00,BBY,0.5240423935827436,0.5240423935827436,20,0.0
1998-11-06 11:08:00+00:00,BBY,0.45382830577980626,0.45382830577980626,20,0.0
1998-11-06 11:10:00+00:00,BBY,0.525288057030934,0.525288057030934,20,0.0
1998-11-06 11:14:00+00:00,BBY,0.523976677439131,0.523976677439131,20,0.0
1998-11-06 11:19:00+00:00,BBY,0.47343372042086584,0.47343372042086584,20,0.0
1998-11-06 11:22:00+00:00,BBY,0.47336873422741965,0.47336873422741965,20,0.0
1998-11-06 11:23:00+00:00,BBY,0.47489749799666864,0.47489749799666864,20,0.0
1998-11-06 11:29:00+00:00,BBY,0.4728712841187971,0.4728712841187971,20,0.0
1998-11-06 11:31:00+00:00,BBY,0.4862795285033314,0.4862795285033314,20,0.0
1998-11-06 11:32:00+00:00,BBY,0.5076013570278707,0.5076013570278707,20,0.0
1998-11-06 11:33:00+00:00,BBY,0.525345615391234,0.525345615391234,20,0.0
1998-11-06 11:34:00+00:00,BBY,0.5251030016043226,0.5251030016043226,20,0.0
1998-11-06 11:35:00+00:00,BBY,0.5242505971273808,0.5242505971273808,20,0.0
1998-11-06 11:36:00+00:00,BBY,0.5063862513864885,0.5063862513864885,20,0.0
1998-11-06 11:37:00+00:00,BBY,0.5061623899671834,0.5061623899671834,20,0.0
1998-11-06 11:38:00+00:00,BBY,0.509882924502637,0.509882924502637,20,0.0
1998-11-06 11:40:00+00:00,BBY,0.5086997874649395,0.5086997874649395,20,0.0
1998-11-06 11:42:00+00:00,BBY,0.4926759939727718,0.4926759939727718,20,0.0
1998-11-06 11:47:00+00:00,BBY,0.4929575377741404,0.4929575377741404,20,0.0
1998-11-06 11:50:00+00:00,BBY,0.4779389554212319,0.4779389554212319,20,0.0
1998-11-06 11:51:00+00:00,BBY,0.4780118276733334,0.4780118276733334,20,0.0
1998-11-06 11:52:00+00:00,BBY,0.4780218714822953,0.4780218714822953,20,0.0
1998-11-06 11:54:00+00:00,BBY,0.48417862381344107,0.48417862381344107,20,0.0
1998-11-06 11:55:00+00:00,BBY,0.48036849005389487,0.48036849005389487,20,0.0
1998-11-06 11:56:00+00:00,BBY,0.47846578872988527,0.47846578872988527,20,0.0
1998-11-06 12:03:00+00:00,BBY,0.48114244522337335,0.48114244522337335,20,0.0
1998-11-06 12:04:00+00:00,BBY,0.48613116880908513,0.48613116880908513,20,0.0
1998-11-06 12:07:00+00:00,BBY,0.4786746419637984,0.4786746419637984,20,0.0
1998-11-06 12:09:00+00:00,BBY,0.48216376866322497,0.48216376866322497,20,0.0
1998-11-06 12:10:00+00:00,BBY,0.4848296420978518,0.4848296420978518,20,0.0
1998-11-06 12:12:00+00:00,BBY,0.4848661188425166,0.4848661188425166,20,0.0
1998-11-06 12:14:00+00:00,BBY,0.48258575015316696,0.48258575015316696,20,0.0
1998-11-06 12:17:00+00:00,BBY,0.4831364675274235,0.4831364675274235,20,0.0
1998-11-06 12:26:00+00:00,BBY,0.48447738249766104,0.48447738249766104,20,0.0
1998-11-06 12:29:00+00:00,BBY,0.4818094681912948,0.4818094681912948,20,0.0
1998-11-06 12:33:00+00:00,BBY,0.4821582345280508,0.4821582345280508,20,0.0
1998-11-06 12:34:00+00:00,BBY,0.4855485240935157,0.4855485240935157,20,0.0
1998-11-06 12:37:00+00:00,BBY,0.4800177043603035,0.4800177043603035,20,0.0
1998-11-06 12:47:00+00:00,BBY,0.48351916451655025,0.48351916451655025,20,0.0
1998-11-06 12:48:00+00:00,BBY,0.48722374661039813,0.48722374661039813,20,0.0
1998-11-06 12:49:00+00:00,BBY,0.487928225761592,0.487928225761592,20,0.0
1998-11-06 12:50:00+00:00,BBY,0.5016743577946159,0.5016743577946159,20,0.0
1998-11-06 12:51:00+00:00,BBY,0.5022212192219303,0.5022212192219303,20,0.0
1998-11-06 12:53:00+00:00,BBY,0.48185649501218863,0.48185649501218863,20,0.0
1998-11-06 13:07:00+00:00,BBY,0.4819026194073724,0.4819026194073724,20,0.0
1998-11-06 13:09:00+00:00,BBY,0.49809933030749304,0.49809933030749304,20,0.0
1998-11-06 13:14:00+00:00,BBY,0.49457514189027924,0.49457514189027924,20,0.0
1998-11-06 13:17:00+00:00,BBY,0.4950302226142163,0.4950302226142163,20,0.0
1998-11-06 13:18:00+00:00,BBY,0.47231393879306355,0.47231393879306355,20,0.0
1998-11-06 13:20:00+00:00,BBY,0.509519172483092,0.509519172483092,20,0.0
1998-11-06 13:23:00+00:00,BBY,0.5067200033301138,0.5067200033301138,20,0.0
1998-11-06 13:24:00+00:00,BBY,0.4622421797459024,0.4622421797459024,20,0.0
1998-11-06 13:28:00+00:00,BBY,0.476213513753564,0.476213513753564,20,0.0
1998-11-06 13:30:00+00:00,BBY,0.4599520501863227,0.4599520501863227,20,0.0
1998-11-06 13:32:00+00:00,BBY,0.46691341033859196,0.46691341033859196,20,0.0
1998-11-06 13:39:00+00:00,BBY,0.46189977529443527,0.46189977529443527,20,0.0
1998-11-06 13:41:00+00:00,BBY,0.45216330581676945,0.45216330581676945,20,0.0
1998-11-06 13:42:00+00:00,BBY,0.46235539781033036,0.46235539781033036,20,0.0
1998-11-06 13:43:00+00:00,BBY,0.4621627580123772,0.4621627580123772,20,0.0
1998-11-06 13:45:00+00:00,BBY,0.4588776059534077,0.4588776059534077,20,0.0
1998-11-06 13:46:00+00:00,BBY,0.45850728832424725,0.45850728832424725,20,0.0
1998-11-06 13:47:00+00:00,BBY,0.46206947683479005,0.46206947683479005,20,0.0
1998-11-06 13:48:00+00:00,BBY,0.46210730779276277,0.46210730779276277,20,0.0
1998-11-06 13:53:00+00:00,BBY,0.4625323095430016,0.4625323095430016,20,0.0
1998-11-06 13:55:00+00:00,BBY,0.4671952051231562,0.4671952051231562,20,0.0
1998-11-06 13:57:00+00:00,BBY,0.46700277489965897,0.46700277489965897,20,0.0
1998-11-06 14:00:00+00:00,BBY,0.4858507497452053,0.4858507497452053,20,0.0
1998-11-06 14:01:00+00:00,BBY,0.46749783637703163,0.46749783637703163,20,0.0
1998-11-06 14:02:00+00:00,BBY,0.4776131904077316,0.4776131904077316,20,0.0
1998-11-06 14:04:00+00:00,BBY,0.4822587510184296,0.4822587510184296,20,0.0
1998-11-06 14:06:00+00:00,BBY,0.4797777839860557,0.4797777839860557,20,0.0
1998-11-06 14:07:00+00:00,BBY,0.4822559274892501,0.4822559274892501,20,0.0
1998-11-06 14:08:00+00:00,BBY,0.4835287261250961,0.4835287261250961,20,0.0
1998-11-06 14:10:00+00:00,BBY,0.4842345461696404,0.4842345461696404,20,0.0
1998-11-06 14:12:00+00:00,BBY,0.4882104318960129,0.4882104318960129,20,0.0
1998-11-06 14:14:00+00:00,BBY,0.48821249006660344,0.48821249006660344,20,0.0
1998-11-06 14:15:00+00:00,BBY,0.4725329910447594,0.4725329910447594,20,0.0
1998-11-06 14:16:00+00:00,BBY,0.47989838013619274,0.47989838013619274,20,0.0
1998-11-06 14:21:00+00:00,BBY,0.48826350365000504,0.48826350365000504,20,0.0
1998-11-06 14:22:00+00:00,BBY,0.5074310525952952,0.5074310525952952,20,0.0
1998-11-06 14:25:00+00:00,BBY,0.4774439312212532,0.4774439312212532,20,0.0
1998-11-06 14:26:00+00:00,BBY,0.4683882084078135,0.4683882084078135,20,0.0
1998-11-06 14:31:00+00:00,BBY,0.4592018764140444,0.4592018764140444,20,0.0
1998-11-06 14:34:00+00:00,BBY,0.48000668568460597,0.48000668568460597,20,0.0
1998-11-06 14:37:00+00:00,BBY,0.4924227247477194,0.4924227247477194,20,0.0
1998-11-06 14:40:00+00:00,BBY,0.4965966592660729,0.4965966592660729,20,0.0
1998-11-06 14:42:00+00:00,BBY,0.4783158819324298,0.4783158819324298,20,0.0
1998-11-06 14:44:00+00:00,BBY,0.4817745010622492,0.4817745010622492,20,0.0
1998-11-06 14:45:00+00:00,BBY,0.48432960559483385,0.48432960559483385,20,0.0
1998-11-06 14:46:00+00:00,BBY,0.4750783959230902,0.4750783959230902,20,0.0
1998-11-06 14:47:00+00:00,BBY,0.4795127741088575,0.4795127741088575,20,0.0
1998-11-06 14:51:00+00:00,BBY,0.4812152688689096,0.4812152688689096,20,0.0
1998-11-06 14:53:00+00:00,BBY,0.48480046506913227,0.48480046506913227,20,0.0
1998-11-06 14:54:00+00:00,BBY,0.48525294895599086,0.48525294895599086,20,0.0
1998-11-06 14:57:00+00:00,BBY,0.4786511777642456,0.4786511777642456,20,0.0
1998-11-06 14:58:00+00:00,BBY,0.4809101780888173,0.4809101780888173,20,0.0
1998-11-06 14:59:00+00:00,BBY,0.48613788292506804,0.48613788292506804,20,0.0
1998-11-06 15:00:00+00:00,BBY,0.48679774766081213,0.48679774766081213,20,0.0
1998-11-06 15:01:00+00:00,BBY,0.47760241992945107,0.47760241992945107,20,0.0
1998-11-06 15:02:00+00:00,BBY,0.4754576324637727,0.4754576324637727,20,0.0
1998-11-06 15:03:00+00:00,BBY,0.48321851674496996,0.48321851674496996,20,0.0
1998-11-06 15:04:00+00:00,BBY,0.4760739517061199,0.4760739517061199,20,0.0
1998-11-06 15:05:00+00:00,BBY,0.4810024622325052,0.4810024622325052,20,0.0
1998-11-06 15:06:00+00:00,BBY,0.476299591284187,0.476299591284187,20,0.0
1998-11-06 15:07:00+00:00,BBY,0.48898363573850406,0.48898363573850406,20,0.0
1998-11-06 15:08:00+00:00,BBY,0.4903820505948883,0.4903820505948883,20,0.0
1998-11-06 15:09:00+00:00,BBY,0.5128262352582966,0.5128262352582966,20,0.0
1998-11-06 15:10:00+00:00,BBY,0.5092503373204952,0.5092503373204952,20,0.0
1998-11-06 15:11:00+00:00,BBY,0.5068821811040076,0.5068821811040076,20,0.0
1998-11-06 15:13:00+00:00,BBY,0.48083351343035924,0.48083351343035924,20,0.0
1998-11-06 15:14:00+00:00,BBY,0.530761958857376,0.530761958857376,20,0.0
1998-11-06 15:15:00+00:00,BBY,0.5081098689063298,0.5081098689063298,20,0.0
1998-11-06 15:17:00+00:00,BBY,0.5246987976057143,0.5246987976057143,20,0.0
1998-11-06 15:19:00+00:00,BBY,0.5081928339853162,0.5081928339853162,20,0.0
1998-11-06 15:21:00+00:00,BBY,0.5112858813599259,0.5112858813599259,20,0.0
1998-11-06 15:27:00+00:00,BBY,0.49098855058287105,0.49098855058287105,20,0.0
1998-11-06 15:28:00+00:00,BBY,0.4781388233047994,0.4781388233047994,20,0.0
1998-11-06 15:29:00+00:00,BBY,0.45911998930912834,0.45911998930912834,20,0.0
1998-11-06 15:30:00+00:00,BBY,0.45269902366187864,0.45269902366187864,20,0.0
1998-11-06 15:31:00+00:00,BBY,0.4551366103482764,0.4551366103482764,20,0.0
1998-11-06 15:32:00+00:00,BBY,0.4542256345809604,0.4542256345809604,20,0.0
1998-11-06 15:33:00+00:00,BBY,0.47316892967431545,0.47316892967431545,20,0.0
1998-11-06 15:35:00+00:00,BBY,0.47445546730138977,0.47445546730138977,20,0.0
1998-11-06 15:40:00+00:00,BBY,0.4816652234191136,0.4816652234191136,20,0.0
1998-11-06 15:41:00+00:00,BBY,0.48188332079576207,0.48188332079576207,20,0.0
1998-11-06 15:42:00+00:00,BBY,0.4783891511747169,0.4783891511747169,20,0.0
1998-11-06 15:43:00+00:00,BBY,0.4556354088407456,0.4556354088407456,20,0.0
1998-11-06 15:44:00+00:00,BBY,0.4630273044662583,0.4630273044662583,20,0.0
1998-11-06 15:45:00+00:00,BBY,0.44863890237610055,0.44863890237610055,20,0.0
1998-11-06 15:46:00+00:00,BBY,0.4572504610767605,0.4572504610767605,20,0.0
1998-11-06 15:47:00+00:00,BBY,0.4574292948247841,0.4574292948247841,20,0.0
1998-11-06 15:48:00+00:00,BBY,0.46649512213578725,0.46649512213578725,20,0.0
1998-11-06 15:49:00+00:00,BBY,0.46673067358504994,0.46673067358504994,20,0.0
1998-11-06 15:50:00+00:00,BBY,0.4660190262148036,0.4660190262148036,20,0.0
1998-11-06 15:51:00+00:00,BBY,0.4545978416682981,0.4545978416682981,20,0.0
1998-11-06 15:54:00+00:00,BBY,0.45751388952547895,0.45751388952547895,20,0.0
1998-11-06 15:55:00+00:00,BBY,0.45453727514854925,0.45453727514854925,20,0.0
1998-11-06 15:56:00+00:00,BBY,0.45841193190401325,0.45841193190401325,20,0.0
1998-11-06 15:57:00+00:00,BBY,0.44733150652019876,0.44733150652019876,20,0.0
1998-11-06 15:58:00+00:00,BBY,0.44620633896345585,0.44620633896345585,20,0.0
1998-11-06 15:59:00+00:00,BBY,0.44344522422353216,0.44344522422353216,20,0.0
1998-11-09 09:36:00+00:00,BBY,0.4643485271883888,0.4643485271883888,20,0.0
1998-11-09 09:37:00+00:00,BBY,0.4778386754773279,0.4778386754773279,20,0.0
1998-11-09 09:38:00+00:00,BBY,0.5082420266208558,0.5082420266208558,20,0.0
1998-11-09 09:39:00+00:00,BBY,0.5083548250314721,0.5083548250314721,20,0.0
1998-11-09 09:40:00+00:00,BBY,0.4537298318695154,0.4537298318695154,20,0.0
1998-11-09 09:41:00+00:00,BBY,0.46152506994540854,0.46152506994540854,20,0.0
1998-11-09 09:42:00+00:00,BBY,0.4364717633221293,0.4364717633221293,20,0.0
1998-11-09 09:43:00+00:00,BBY,0.44423127328582784,0.44423127328582784,20,0.0
1998-11-09 09:45:00+00:00,BBY,0.47300622104901857,0.47300622104901857,20,0.0
1998-11-09 09:46:00+00:00,BBY,0.4747254517320737,0.4747254517320737,20,0.0
1998-11-09 09:47:00+00:00,BBY,0.4749420167005563,0.4749420167005563,20,0.0
1998-11-09 09:48:00+00:00,BBY,0.4663732797308049,0.4663732797308049,20,0.0
1998-11-09 09:49:00+00:00,BBY,0.47230430006159974,0.47230430006159974,20,0.0
1998-11-09 09:50:00+00:00,BBY,0.46685929631213013,0.46685929631213013,20,0.0
1998-11-09 09:52:00+00:00,BBY,0.467270577700086,0.467270577700086,20,0.0
1998-11-09 09:53:00+00:00,BBY,0.4745393569185363,0.4745393569185363,20,0.0
1998-11-09 09:54:00+00:00,BBY,0.4549333664389886,0.4549333664389886,20,0.0
1998-11-09 09:55:00+00:00,BBY,0.4666542673986444,0.4666542673986444,20,0.0
1998-11-09 09:56:00+00:00,BBY,0.46703589790679123,0.46703589790679123,20,0.0
1998-11-09 09:57:00+00:00,BBY,0.4654048934732162,0.4654048934732162,20,0.0
1998-11-09 09:59:00+00:00,BBY,0.46103118368407475,0.46103118368407475,20,0.0
1998-11-09 10:01:00+00:00,BBY,0.4796483273208033,0.4796483273208033,20,0.0
1998-11-09 10:02:00+00:00,BBY,0.485245179462251,0.485245179462251,20,0.0
1998-11-09 10:03:00+00:00,BBY,0.5314549562053167,0.5314549562053167,20,0.0
1998-11-09 10:04:00+00:00,BBY,0.5316215429532408,0.5316215429532408,20,0.0
1998-11-09 10:05:00+00:00,BBY,0.5268264543987404,0.5268264543987404,20,0.0
1998-11-09 10:06:00+00:00,BBY,0.48496791378895887,0.48496791378895887,20,0.0
1998-11-09 10:07:00+00:00,BBY,0.4838489668718625,0.4838489668718625,20,0.0
1998-11-09 10:08:00+00:00,BBY,0.48281728863128703,0.48281728863128703,20,0.0
1998-11-09 10:09:00+00:00,BBY,0.48058186204625947,0.48058186204625947,20,0.0
1998-11-09 10:10:00+00:00,BBY,0.5292730186195109,0.5292730186195109,20,0.0
1998-11-09 10:11:00+00:00,BBY,0.5269425432294648,0.5269425432294648,20,0.0
1998-11-09 10:12:00+00:00,BBY,0.5109903094089857,0.5109903094089857,20,0.0
1998-11-09 10:13:00+00:00,BBY,0.4766227178558609,0.4766227178558609,20,0.0
1998-11-09 10:14:00+00:00,BBY,0.5074609354101538,0.5074609354101538,20,0.0
1998-11-09 10:15:00+00:00,BBY,0.5038079945910533,0.5038079945910533,20,0.0
1998-11-09 10:16:00+00:00,BBY,0.5041549456417441,0.5041549456417441,20,0.0
1998-11-09 10:17:00+00:00,BBY,0.4822812493969879,0.4822812493969879,20,0.0
1998-11-09 10:18:00+00:00,BBY,0.505017323894496,0.505017323894496,20,0.0
1998-11-09 10:20:00+00:00,BBY,0.4818969108919656,0.4818969108919656,20,0.0
1998-11-09 10:23:00+00:00,BBY,0.5056967410641909,0.5056967410641909,20,0.0
1998-11-09 10:24:00+00:00,BBY,0.4908800687807383,0.4908800687807383,20,0.0
1998-11-09 10:25:00+00:00,BBY,0.5055347725227173,0.5055347725227173,20,0.0
1998-11-09 10:26:00+00:00,BBY,0.506098723177333,0.506098723177333,20,0.0
1998-11-09 10:27:00+00:00,BBY,0.505625305689112,0.505625305689112,20,0.0
1998-11-09 10:28:00+00:00,BBY,0.5109449059377388,0.5109449059377388,20,0.0
1998-11-09 10:29:00+00:00,BBY,0.5106874657930125,0.5106874657930125,20,0.0
1998-11-09 10:30:00+00:00,BBY,0.507877875970011,0.507877875970011,20,0.0
1998-11-09 10:32:00+00:00,BBY,0.5271146057886887,0.5271146057886887,20,0.0
1998-11-09 10:33:00+00:00,BBY,0.5316424067168803,0.5316424067168803,20,0.0
1998-11-09 10:34:00+00:00,BBY,0.4777592147564984,0.4777592147564984,20,0.0
1998-11-09 10:35:00+00:00,BBY,0.4753791708014236,0.4753791708014236,20,0.0
1998-11-09 10:36:00+00:00,BBY,0.46929030732470284,0.46929030732470284,20,0.0
1998-11-09 10:37:00+00:00,BBY,0.4722290464427361,0.4722290464427361,20,0.0
1998-11-09 10:38:00+00:00,BBY,0.47478256484396913,0.47478256484396913,20,0.0
1998-11-09 10:39:00+00:00,BBY,0.46095668553772495,0.46095668553772495,20,0.0
1998-11-09 10:40:00+00:00,BBY,0.45898379243069265,0.45898379243069265,20,0.0
1998-11-09 10:42:00+00:00,BBY,0.5085036945370058,0.5085036945370058,20,0.0
1998-11-09 10:43:00+00:00,BBY,0.47416961321239715,0.47416961321239715,20,0.0
1998-11-09 10:44:00+00:00,BBY,0.5087792659446837,0.5087792659446837,20,0.0
1998-11-09 10:45:00+00:00,BBY,0.5086768336753023,0.5086768336753023,20,0.0
1998-11-09 10:46:00+00:00,BBY,0.5088420395215661,0.5088420395215661,20,0.0
1998-11-09 10:49:00+00:00,BBY,0.5294288961664133,0.5294288961664133,20,0.0
1998-11-09 10:50:00+00:00,BBY,0.5202865610123955,0.5202865610123955,20,0.0
1998-11-09 10:52:00+00:00,BBY,0.5084128033025991,0.5084128033025991,20,0.0
1998-11-09 10:54:00+00:00,BBY,0.4711341578364933,0.4711341578364933,20,0.0
1998-11-09 10:56:00+00:00,BBY,0.4784437065771294,0.4784437065771294,20,0.0
1998-11-09 10:57:00+00:00,BBY,0.4757800260983585,0.4757800260983585,20,0.0
1998-11-09 10:58:00+00:00,BBY,0.4761596663249876,0.4761596663249876,20,0.0
1998-11-09 11:01:00+00:00,BBY,0.4760430564860418,0.4760430564860418,20,0.0
1998-11-09 11:02:00+00:00,BBY,0.48113155189870493,0.48113155189870493,20,0.0
1998-11-09 11:03:00+00:00,BBY,0.47951263849070636,0.47951263849070636,20,0.0
1998-11-09 11:04:00+00:00,BBY,0.47650121081370644,0.47650121081370644,20,0.0
1998-11-09 11:05:00+00:00,BBY,0.4779209027907444,0.4779209027907444,20,0.0
1998-11-09 11:06:00+00:00,BBY,0.47769955701027,0.47769955701027,20,0.0
1998-11-09 11:08:00+00:00,BBY,0.4782925957365135,0.4782925957365135,20,0.0
1998-11-09 11:09:00+00:00,BBY,0.47174091571144133,0.47174091571144133,20,0.0
1998-11-09 11:10:00+00:00,BBY,0.4916837384628671,0.4916837384628671,20,0.0
1998-11-09 11:11:00+00:00,BBY,0.46328295343270287,0.46328295343270287,20,0.0
1998-11-09 11:12:00+00:00,BBY,0.4573998292942824,0.4573998292942824,20,0.0
1998-11-09 11:15:00+00:00,BBY,0.4656327418889007,0.4656327418889007,20,0.0
1998-11-09 11:16:00+00:00,BBY,0.4670624258844932,0.4670624258844932,20,0.0
1998-11-09 11:17:00+00:00,BBY,0.4713554227007023,0.4713554227007023,20,0.0
1998-11-09 11:19:00+00:00,BBY,0.47099680689097617,0.47099680689097617,20,0.0
1998-11-09 11:21:00+00:00,BBY,0.48082144257573944,0.48082144257573944,20,0.0
1998-11-09 11:23:00+00:00,BBY,0.5245264127178395,0.5245264127178395,20,0.0
1998-11-09 11:24:00+00:00,BBY,0.5170323449810436,0.5170323449810436,20,0.0
1998-11-09 11:25:00+00:00,BBY,0.503408047050994,0.503408047050994,20,0.0
1998-11-09 11:26:00+00:00,BBY,0.5065938850102277,0.5065938850102277,20,0.0
1998-11-09 11:30:00+00:00,BBY,0.47694888884788156,0.47694888884788156,20,0.0
1998-11-09 11:31:00+00:00,BBY,0.46097882997000117,0.46097882997000117,20,0.0
1998-11-09 11:32:00+00:00,BBY,0.4611216256161844,0.4611216256161844,20,0.0
1998-11-09 11:33:00+00:00,BBY,0.4704292275464641,0.4704292275464641,20,0.0
1998-11-09 11:36:00+00:00,BBY,0.4940245692464203,0.4940245692464203,20,0.0
1998-11-09 11:37:00+00:00,BBY,0.46786177152637276,0.46786177152637276,20,0.0
1998-11-09 11:38:00+00:00,BBY,0.47755021321997676,0.47755021321997676,20,0.0
1998-11-09 11:41:00+00:00,BBY,0.48349760580795076,0.48349760580795076,20,0.0
1998-11-09 11:44:00+00:00,BBY,0.47644145256832965,0.47644145256832965,20,0.0
1998-11-09 11:45:00+00:00,BBY,0.4777757429418376,0.4777757429418376,20,0.0
1998-11-09 11:46:00+00:00,BBY,0.47512150419535104,0.47512150419535104,20,0.0
1998-11-09 11:47:00+00:00,BBY,0.46539036598666195,0.46539036598666195,20,0.0
1998-11-09 11:48:00+00:00,BBY,0.46746090348796815,0.46746090348796815,20,0.0
1998-11-09 11:50:00+00:00,BBY,0.4702763068574691,0.4702763068574691,20,0.0
1998-11-09 11:51:00+00:00,BBY,0.4689476781745455,0.4689476781745455,20,0.0
1998-11-09 11:57:00+00:00,BBY,0.47197339521938697,0.47197339521938697,20,0.0
1998-11-09 11:58:00+00:00,BBY,0.4709303177900103,0.4709303177900103,20,0.0
1998-11-09 11:59:00+00:00,BBY,0.47668906384376136,0.47668906384376136,20,0.0
1998-11-09 12:00:00+00:00,BBY,0.47871481873904803,0.47871481873904803,20,0.0
1998-11-09 12:01:00+00:00,BBY,0.47369503347624453,0.47369503347624453,20,0.0
1998-11-09 12:02:00+00:00,BBY,0.47501466538686543,0.47501466538686543,20,0.0
1998-11-09 12:03:00+00:00,BBY,0.47750241663850673,0.47750241663850673,20,0.0
1998-11-09 12:06:00+00:00,BBY,0.47092286572975345,0.47092286572975345,20,0.0
1998-11-09 12:08:00+00:00,BBY,0.4723882989902905,0.4723882989902905,20,0.0
1998-11-09 12:09:00+00:00,BBY,0.47017682532508354,0.47017682532508354,20,0.0
1998-11-09 12:10:00+00:00,BBY,0.47794900828750086,0.47794900828750086,20,0.0
1998-11-09 12:11:00+00:00,BBY,0.46911107842675387,0.46911107842675387,20,0.0
1998-11-09 12:12:00+00:00,BBY,0.4756948903887516,0.4756948903887516,20,0.0
1998-11-09 12:16:00+00:00,BBY,0.4782866431505163,0.4782866431505163,20,0.0
1998-11-09 12:18:00+00:00,BBY,0.4794308604192601,0.4794308604192601,20,0.0
1998-11-09 12:20:00+00:00,BBY,0.474941179783704,0.474941179783704,20,0.0
1998-11-09 12:21:00+00:00,BBY,0.4686685310297456,0.4686685310297456,20,0.0
1998-11-09 12:22:00+00:00,BBY,0.47096079203043084,0.47096079203043084,20,0.0
1998-11-09 12:23:00+00:00,BBY,0.472733383599031,0.472733383599031,20,0.0
1998-11-09 12:27:00+00:00,BBY,0.4708626003155997,0.4708626003155997,20,0.0
1998-11-09 12:30:00+00:00,BBY,0.4741559304783266,0.4741559304783266,20,0.0
1998-11-09 12:31:00+00:00,BBY,0.4746664613439064,0.4746664613439064,20,0.0
1998-11-09 12:32:00+00:00,BBY,0.47529119635585027,0.47529119635585027,20,0.0
1998-11-09 12:34:00+00:00,BBY,0.4761334506858333,0.4761334506858333,20,0.0
1998-11-09 12:37:00+00:00,BBY,0.473396920806586,0.473396920806586,20,0.0
1998-11-09 12:38:00+00:00,BBY,0.47826589869185876,0.47826589869185876,20,0.0
1998-11-09 12:39:00+00:00,BBY,0.4802103442177321,0.4802103442177321,20,0.0
1998-11-09 12:41:00+00:00,BBY,0.503303651274755,0.503303651274755,20,0.0
1998-11-09 12:44:00+00:00,BBY,0.5318115511227276,0.5318115511227276,20,0.0
1998-11-09 12:45:00+00:00,BBY,0.532088453516561,0.532088453516561,20,0.0
1998-11-09 12:46:00+00:00,BBY,0.5324811577594143,0.5324811577594143,20,0.0
1998-11-09 12:47:00+00:00,BBY,0.5332085199837759,0.5332085199837759,20,0.0
1998-11-09 12:48:00+00:00,BBY,0.5327621747344551,0.5327621747344551,20,0.0
1998-11-09 12:49:00+00:00,BBY,0.5331683751780112,0.5331683751780112,20,0.0
1998-11-09 12:50:00+00:00,BBY,0.4807635583132704,0.4807635583132704,20,0.0
1998-11-09 12:51:00+00:00,BBY,0.5336106434198984,0.5336106434198984,20,0.0
1998-11-09 12:54:00+00:00,BBY,0.48691128144309825,0.48691128144309825,20,0.0
1998-11-09 12:56:00+00:00,BBY,0.47789766687486185,0.47789766687486185,20,0.0
1998-11-09 12:57:00+00:00,BBY,0.4765991045076287,0.4765991045076287,20,0.0
1998-11-09 12:58:00+00:00,BBY,0.47391050153624487,0.47391050153624487,20,0.0
1998-11-09 12:59:00+00:00,BBY,0.476152119561695,0.476152119561695,20,0.0
1998-11-09 13:00:00+00:00,BBY,0.47585029028587994,0.47585029028587994,20,0.0
1998-11-09 13:04:00+00:00,BBY,0.4747495542854837,0.4747495542854837,20,0.0
1998-11-09 13:05:00+00:00,BBY,0.4774312432972887,0.4774312432972887,20,0.0
1998-11-09 13:06:00+00:00,BBY,0.5292183248001971,0.5292183248001971,20,0.0
1998-11-09 13:18:00+00:00,BBY,0.46820522100852024,0.46820522100852024,20,0.0
1998-11-09 13:19:00+00:00,BBY,0.4620542757061429,0.4620542757061429,20,0.0
1998-11-09 13:21:00+00:00,BBY,0.47099832636474476,0.47099832636474476,20,0.0
1998-11-09 13:22:00+00:00,BBY,0.46331369125569277,0.46331369125569277,20,0.0
1998-11-09 13:23:00+00:00,BBY,0.4741721530067254,0.4741721530067254,20,0.0
1998-11-09 13:24:00+00:00,BBY,0.4672875326850041,0.4672875326850041,20,0.0
1998-11-09 13:25:00+00:00,BBY,0.46587944308684676,0.46587944308684676,20,0.0
1998-11-09 13:27:00+00:00,BBY,0.4686544950840123,0.4686544950840123,20,0.0
1998-11-09 13:28:00+00:00,BBY,0.47262709680140447,0.47262709680140447,20,0.0
1998-11-09 13:30:00+00:00,BBY,0.4754843523682448,0.4754843523682448,20,0.0
1998-11-09 13:34:00+00:00,BBY,0.4698779081861052,0.4698779081861052,20,0.0
1998-11-09 13:35:00+00:00,BBY,0.47207454716053465,0.47207454716053465,20,0.0
1998-11-09 13:36:00+00:00,BBY,0.4734344873225009,0.4734344873225009,20,0.0
1998-11-09 13:39:00+00:00,BBY,0.4703689039458855,0.4703689039458855,20,0.0
1998-11-09 13:41:00+00:00,BBY,0.4732327497940106,0.4732327497940106,20,0.0
1998-11-09 13:50:00+00:00,BBY,0.4723971914982585,0.4723971914982585,20,0.0
1998-11-09 13:52:00+00:00,BBY,0.4781021908627502,0.4781021908627502,20,0.0
1998-11-09 13:53:00+00:00,BBY,0.5065240606858591,0.5065240606858591,20,0.0
1998-11-09 13:58:00+00:00,BBY,0.48993234734826985,0.48993234734826985,20,0.0
1998-11-09 13:59:00+00:00,BBY,0.5062505057469717,0.5062505057469717,20,0.0
1998-11-09 14:00:00+00:00,BBY,0.5084709907492414,0.5084709907492414,20,0.0
1998-11-09 14:01:00+00:00,BBY,0.5107841122074194,0.5107841122074194,20,0.0
1998-11-09 14:03:00+00:00,BBY,0.5106377706164965,0.5106377706164965,20,0.0
1998-11-09 14:12:00+00:00,BBY,0.48439612188607223,0.48439612188607223,20,0.0
1998-11-09 14:13:00+00:00,BBY,0.5087644546168879,0.5087644546168879,20,0.0
1998-11-09 14:15:00+00:00,BBY,0.5063538883897787,0.5063538883897787,20,0.0
1998-11-09 14:21:00+00:00,BBY,0.5066107582817018,0.5066107582817018,20,0.0
1998-11-09 14:22:00+00:00,BBY,0.5064743676150477,0.5064743676150477,20,0.0
1998-11-09 14:23:00+00:00,BBY,0.4888290286551383,0.4888290286551383,20,0.0
1998-11-09 14:25:00+00:00,BBY,0.506450210024696,0.506450210024696,20,0.0
1998-11-09 14:26:00+00:00,BBY,0.5064324211907935,0.5064324211907935,20,0.0
1998-11-09 14:29:00+00:00,BBY,0.5062907064298634,0.5062907064298634,20,0.0
1998-11-09 14:32:00+00:00,BBY,0.5060739618784175,0.5060739618784175,20,0.0
1998-11-09 14:38:00+00:00,BBY,0.5217189888910676,0.5217189888910676,20,0.0
1998-11-09 14:41:00+00:00,BBY,0.4631789766074217,0.4631789766074217,20,0.0
1998-11-09 14:42:00+00:00,BBY,0.4625025445899035,0.4625025445899035,20,0.0
1998-11-09 14:43:00+00:00,BBY,0.46260639675601367,0.46260639675601367,20,0.0
1998-11-09 14:45:00+00:00,BBY,0.4591011170642163,0.4591011170642163,20,0.0
1998-11-09 14:47:00+00:00,BBY,0.46477014252592624,0.46477014252592624,20,0.0
1998-11-09 14:50:00+00:00,BBY,0.46251342517876437,0.46251342517876437,20,0.0
1998-11-09 14:51:00+00:00,BBY,0.4629143649674966,0.4629143649674966,20,0.0
1998-11-09 14:52:00+00:00,BBY,0.4630819390604979,0.4630819390604979,20,0.0
1998-11-09 14:53:00+00:00,BBY,0.4688095957630621,0.4688095957630621,20,0.0
1998-11-09 14:55:00+00:00,BBY,0.46320210386882593,0.46320210386882593,20,0.0
1998-11-09 15:01:00+00:00,BBY,0.472594082154955,0.472594082154955,20,0.0
1998-11-09 15:02:00+00:00,BBY,0.46410924435509826,0.46410924435509826,20,0.0
1998-11-09 15:03:00+00:00,BBY,0.4793468194011802,0.4793468194011802,20,0.0
1998-11-09 15:04:00+00:00,BBY,0.46505998665996723,0.46505998665996723,20,0.0
1998-11-09 15:06:00+00:00,BBY,0.4641820160320796,0.4641820160320796,20,0.0
1998-11-09 15:07:00+00:00,BBY,0.4897986109934134,0.4897986109934134,20,0.0
1998-11-09 15:09:00+00:00,BBY,0.4889888490241553,0.4889888490241553,20,0.0
1998-11-09 15:10:00+00:00,BBY,0.4843209631486493,0.4843209631486493,20,0.0
1998-11-09 15:12:00+00:00,BBY,0.46860506629513926,0.46860506629513926,20,0.0
1998-11-09 15:13:00+00:00,BBY,0.4633193543534126,0.4633193543534126,20,0.0
1998-11-09 15:14:00+00:00,BBY,0.5060479727431975,0.5060479727431975,20,0.0
1998-11-09 15:15:00+00:00,BBY,0.4651620625132472,0.4651620625132472,20,0.0
1998-11-09 15:16:00+00:00,BBY,0.5061240091145789,0.5061240091145789,20,0.0
1998-11-09 15:17:00+00:00,BBY,0.5083039110079802,0.5083039110079802,20,0.0
1998-11-09 15:18:00+00:00,BBY,0.4954415343243479,0.4954415343243479,20,0.0
1998-11-09 15:20:00+00:00,BBY,0.4782894655151331,0.4782894655151331,20,0.0
1998-11-09 15:21:00+00:00,BBY,0.4783879162598158,0.4783879162598158,20,0.0
1998-11-09 15:25:00+00:00,BBY,0.47827125421277017,0.47827125421277017,20,0.0
1998-11-09 15:26:00+00:00,BBY,0.4971587303267295,0.4971587303267295,20,0.0
1998-11-09 15:27:00+00:00,BBY,0.4784569084555688,0.4784569084555688,20,0.0
1998-11-09 15:29:00+00:00,BBY,0.4783913038259433,0.4783913038259433,20,0.0
1998-11-09 15:30:00+00:00,BBY,0.4869174974861369,0.4869174974861369,20,0.0
1998-11-09 15:31:00+00:00,BBY,0.5059606162993139,0.5059606162993139,20,0.0
1998-11-09 15:32:00+00:00,BBY,0.5048658684598103,0.5048658684598103,20,0.0
1998-11-09 15:34:00+00:00,BBY,0.4806051706433629,0.4806051706433629,20,0.0
1998-11-09 15:38:00+00:00,BBY,0.5037625656627698,0.5037625656627698,20,0.0
1998-11-09 15:39:00+00:00,BBY,0.5036603541510632,0.5036603541510632,20,0.0
1998-11-09 15:40:00+00:00,BBY,0.5033418019085693,0.5033418019085693,20,0.0
1998-11-09 15:42:00+00:00,BBY,0.5032545691833796,0.5032545691833796,20,0.0
1998-11-09 15:43:00+00:00,BBY,0.4950020993378333,0.4950020993378333,20,0.0
1998-11-09 15:46:00+00:00,BBY,0.4826567353057403,0.4826567353057403,20,0.0
1998-11-09 15:50:00+00:00,BBY,0.4758009687875855,0.4758009687875855,20,0.0
1998-11-09 15:51:00+00:00,BBY,0.4748658583157289,0.4748658583157289,20,0.0
1998-11-09 15:52:00+00:00,BBY,0.4665396272238903,0.4665396272238903,20,0.0
1998-11-09 15:53:00+00:00,BBY,0.4734073070352701,0.4734073070352701,20,0.0
1998-11-09 15:54:00+00:00,BBY,0.497952171888399,0.497952171888399,20,0.0
1998-11-09 15:55:00+00:00,BBY,0.47495883142764844,0.47495883142764844,20,0.0
1998-11-09 15:56:00+00:00,BBY,0.47288273126698155,0.47288273126698155,20,0.0
1998-11-09 15:57:00+00:00,BBY,0.47368724184788924,0.47368724184788924,20,0.0
1998-11-09 15:58:00+00:00,BBY,0.482312689121185,0.482312689121185,20,0.0
1998-11-09 15:59:00+00:00,BBY,0.47597912800524433,0.47597912800524433,20,0.0
1998-11-10 09:33:00+00:00,BBY,0.46855825485069413,0.46855825485069413,20,0.0
1998-11-10 09:34:00+00:00,BBY,0.4607497081228298,0.4607497081228298,20,0.0
1998-11-10 09:35:00+00:00,BBY,0.4645981909006469,0.4645981909006469,20,0.0
1998-11-10 09:36:00+00:00,BBY,0.4580179332538281,0.4580179332538281,20,0.0
1998-11-10 09:37:00+00:00,BBY,0.45804932783310837,0.45804932783310837,20,0.0
1998-11-10 09:38:00+00:00,BBY,0.4735800117099634,0.4735800117099634,20,0.0
1998-11-10 09:39:00+00:00,BBY,0.4584659059672896,0.4584659059672896,20,0.0
1998-11-10 09:40:00+00:00,BBY,0.47350259346829054,0.47350259346829054,20,0.0
1998-11-10 09:41:00+00:00,BBY,0.4745024657543054,0.4745024657543054,20,0.0
1998-11-10 09:42:00+00:00,BBY,0.4623351227699482,0.4623351227699482,20,0.0
1998-11-10 09:43:00+00:00,BBY,0.4637823304706361,0.4637823304706361,20,0.0
1998-11-10 09:44:00+00:00,BBY,0.46577370694607434,0.46577370694607434,20,0.0
1998-11-10 09:45:00+00:00,BBY,0.46449223232710596,0.46449223232710596,20,0.0
1998-11-10 09:46:00+00:00,BBY,0.46107857528403595,0.46107857528403595,20,0.0
1998-11-10 09:47:00+00:00,BBY,0.4591543300690532,0.4591543300690532,20,0.0
1998-11-10 09:48:00+00:00,BBY,0.4625837477273022,0.4625837477273022,20,0.0
1998-11-10 09:49:00+00:00,BBY,0.46241313833571085,0.46241313833571085,20,0.0
1998-11-10 09:50:00+00:00,BBY,0.46308751309140816,0.46308751309140816,20,0.0
1998-11-10 09:51:00+00:00,BBY,0.4596799985897873,0.4596799985897873,20,0.0
1998-11-10 09:52:00+00:00,BBY,0.4607375508650066,0.4607375508650066,20,0.0
1998-11-10 09:53:00+00:00,BBY,0.46174163313310457,0.46174163313310457,20,0.0
1998-11-10 09:54:00+00:00,BBY,0.4613880633818058,0.4613880633818058,20,0.0
1998-11-10 09:55:00+00:00,BBY,0.48378760084331596,0.48378760084331596,20,0.0
1998-11-10 09:56:00+00:00,BBY,0.5152749271088091,0.5152749271088091,20,0.0
1998-11-10 09:57:00+00:00,BBY,0.5045463521195214,0.5045463521195214,20,0.0
1998-11-10 09:58:00+00:00,BBY,0.4910441034126366,0.4910441034126366,20,0.0
1998-11-10 09:59:00+00:00,BBY,0.47827061797178966,0.47827061797178966,20,0.0
1998-11-10 10:00:00+00:00,BBY,0.49109957950376915,0.49109957950376915,20,0.0
1998-11-10 10:01:00+00:00,BBY,0.47983732098486365,0.47983732098486365,20,0.0
1998-11-10 10:02:00+00:00,BBY,0.4751270994055872,0.4751270994055872,20,0.0
1998-11-10 10:03:00+00:00,BBY,0.48202841156522325,0.48202841156522325,20,0.0
1998-11-10 10:04:00+00:00,BBY,0.482068562245309,0.482068562245309,20,0.0
1998-11-10 10:05:00+00:00,BBY,0.4824123862638137,0.4824123862638137,20,0.0
1998-11-10 10:06:00+00:00,BBY,0.48244075351505283,0.48244075351505283,20,0.0
1998-11-10 10:07:00+00:00,BBY,0.4824674585297297,0.4824674585297297,20,0.0
1998-11-10 10:08:00+00:00,BBY,0.4874207341838513,0.4874207341838513,20,0.0
1998-11-10 10:10:00+00:00,BBY,0.4858493791961312,0.4858493791961312,20,0.0
1998-11-10 10:11:00+00:00,BBY,0.48769367218706605,0.48769367218706605,20,0.0
1998-11-10 10:12:00+00:00,BBY,0.48431441211831006,0.48431441211831006,20,0.0
1998-11-10 10:13:00+00:00,BBY,0.49522469282201753,0.49522469282201753,20,0.0
1998-11-10 10:14:00+00:00,BBY,0.497299560640836,0.497299560640836,20,0.0
1998-11-10 10:15:00+00:00,BBY,0.49576676391020436,0.49576676391020436,20,0.0
1998-11-10 10:16:00+00:00,BBY,0.4779891353881443,0.4779891353881443,20,0.0
1998-11-10 10:17:00+00:00,BBY,0.4680442197884077,0.4680442197884077,20,0.0
1998-11-10 10:18:00+00:00,BBY,0.4696348812194077,0.4696348812194077,20,0.0
1998-11-10 10:19:00+00:00,BBY,0.46996842297795915,0.46996842297795915,20,0.0
1998-11-10 10:20:00+00:00,BBY,0.478355319712938,0.478355319712938,20,0.0
1998-11-10 10:22:00+00:00,BBY,0.4709893679505244,0.4709893679505244,20,0.0
1998-11-10 10:23:00+00:00,BBY,0.47728978968787295,0.47728978968787295,20,0.0
1998-11-10 10:25:00+00:00,BBY,0.4684924092713974,0.4684924092713974,20,0.0
1998-11-10 10:27:00+00:00,BBY,0.47065960600981316,0.47065960600981316,20,0.0
1998-11-10 10:30:00+00:00,BBY,0.4710331263161873,0.4710331263161873,20,0.0
1998-11-10 10:31:00+00:00,BBY,0.47314314715152567,0.47314314715152567,20,0.0
1998-11-10 10:32:00+00:00,BBY,0.4716537747444049,0.4716537747444049,20,0.0
1998-11-10 10:33:00+00:00,BBY,0.4723575958272464,0.4723575958272464,20,0.0
1998-11-10 10:34:00+00:00,BBY,0.47399162543527396,0.47399162543527396,20,0.0
1998-11-10 10:37:00+00:00,BBY,0.474650375230367,0.474650375230367,20,0.0
1998-11-10 10:39:00+00:00,BBY,0.46334556559715956,0.46334556559715956,20,0.0
1998-11-10 10:40:00+00:00,BBY,0.4475517582589746,0.4475517582589746,20,0.0
1998-11-10 10:41:00+00:00,BBY,0.44883857417383577,0.44883857417383577,20,0.0
1998-11-10 10:42:00+00:00,BBY,0.4619197724138868,0.4619197724138868,20,0.0
1998-11-10 10:43:00+00:00,BBY,0.4623674089684566,0.4623674089684566,20,0.0
1998-11-10 10:44:00+00:00,BBY,0.4623751604273102,0.4623751604273102,20,0.0
1998-11-10 10:45:00+00:00,BBY,0.4672054678909365,0.4672054678909365,20,0.0
1998-11-10 10:46:00+00:00,BBY,0.4550896204895264,0.4550896204895264,20,0.0
1998-11-10 10:47:00+00:00,BBY,0.47289745522611004,0.47289745522611004,20,0.0
1998-11-10 10:48:00+00:00,BBY,0.46643483566559985,0.46643483566559985,20,0.0
1998-11-10 10:49:00+00:00,BBY,0.47102232886887496,0.47102232886887496,20,0.0
1998-11-10 10:50:00+00:00,BBY,0.4729741902017844,0.4729741902017844,20,0.0
1998-11-10 10:51:00+00:00,BBY,0.47034196821574853,0.47034196821574853,20,0.0
1998-11-10 10:52:00+00:00,BBY,0.4695426617585174,0.4695426617585174,20,0.0
1998-11-10 10:53:00+00:00,BBY,0.47302435186973674,0.47302435186973674,20,0.0
1998-11-10 10:55:00+00:00,BBY,0.47432134365549034,0.47432134365549034,20,0.0
1998-11-10 10:57:00+00:00,BBY,0.4762344085719768,0.4762344085719768,20,0.0
1998-11-10 10:58:00+00:00,BBY,0.4775837561717893,0.4775837561717893,20,0.0
1998-11-10 10:59:00+00:00,BBY,0.47078564697087705,0.47078564697087705,20,0.0
1998-11-10 11:00:00+00:00,BBY,0.4712882846726659,0.4712882846726659,20,0.0
1998-11-10 11:01:00+00:00,BBY,0.4727172773291191,0.4727172773291191,20,0.0
1998-11-10 11:02:00+00:00,BBY,0.47097916536631707,0.47097916536631707,20,0.0
1998-11-10 11:05:00+00:00,BBY,0.4740316978497434,0.4740316978497434,20,0.0
1998-11-10 11:06:00+00:00,BBY,0.46700418108910535,0.46700418108910535,20,0.0
1998-11-10 11:07:00+00:00,BBY,0.4670319565437061,0.4670319565437061,20,0.0
1998-11-10 11:08:00+00:00,BBY,0.47600655853982154,0.47600655853982154,20,0.0
1998-11-10 11:09:00+00:00,BBY,0.475198582971172,0.475198582971172,20,0.0
1998-11-10 11:10:00+00:00,BBY,0.4753701092057254,0.4753701092057254,20,0.0
1998-11-10 11:11:00+00:00,BBY,0.4761010939433099,0.4761010939433099,20,0.0
1998-11-10 11:12:00+00:00,BBY,0.4777163437044565,0.4777163437044565,20,0.0
1998-11-10 11:13:00+00:00,BBY,0.4799866149310538,0.4799866149310538,20,0.0
1998-11-10 11:14:00+00:00,BBY,0.4826588501987307,0.4826588501987307,20,0.0
1998-11-10 11:15:00+00:00,BBY,0.515321713769133,0.515321713769133,20,0.0
1998-11-10 11:16:00+00:00,BBY,0.5146202487797408,0.5146202487797408,20,0.0
1998-11-10 11:17:00+00:00,BBY,0.5161399260962003,0.5161399260962003,20,0.0
1998-11-10 11:18:00+00:00,BBY,0.5008362492299974,0.5008362492299974,20,0.0
1998-11-10 11:19:00+00:00,BBY,0.5039817121232427,0.5039817121232427,20,0.0
1998-11-10 11:20:00+00:00,BBY,0.5152475239930778,0.5152475239930778,20,0.0
1998-11-10 11:21:00+00:00,BBY,0.5110145196554439,0.5110145196554439,20,0.0
1998-11-10 11:22:00+00:00,BBY,0.508694375695983,0.508694375695983,20,0.0
1998-11-10 11:23:00+00:00,BBY,0.5290303529407832,0.5290303529407832,20,0.0
1998-11-10 11:24:00+00:00,BBY,0.5338123138352869,0.5338123138352869,20,0.0
1998-11-10 11:25:00+00:00,BBY,0.5334262516255525,0.5334262516255525,20,0.0
1998-11-10 11:26:00+00:00,BBY,0.5148764833154363,0.5148764833154363,20,0.0
1998-11-10 11:27:00+00:00,BBY,0.49224180281588215,0.49224180281588215,20,0.0
1998-11-10 11:28:00+00:00,BBY,0.4724596294927618,0.4724596294927618,20,0.0
1998-11-10 11:29:00+00:00,BBY,0.4939860038355681,0.4939860038355681,20,0.0
1998-11-10 11:30:00+00:00,BBY,0.4900469312728869,0.4900469312728869,20,0.0
1998-11-10 11:31:00+00:00,BBY,0.48372827976187244,0.48372827976187244,20,0.0
1998-11-10 11:32:00+00:00,BBY,0.4469601522102935,0.4469601522102935,20,0.0
1998-11-10 11:33:00+00:00,BBY,0.44469929748606285,0.44469929748606285,20,0.0
1998-11-10 11:34:00+00:00,BBY,0.41671455062516805,0.41671455062516805,20,0.0
1998-11-10 11:35:00+00:00,BBY,0.42088758326516623,0.42088758326516623,20,0.0
1998-11-10 11:36:00+00:00,BBY,0.443023116922725,0.443023116922725,20,0.0
1998-11-10 11:37:00+00:00,BBY,0.44577312007629716,0.44577312007629716,20,0.0
1998-11-10 11:38:00+00:00,BBY,0.4561356304865847,0.4561356304865847,20,0.0
1998-11-10 11:39:00+00:00,BBY,0.45669798309450477,0.45669798309450477,20,0.0
1998-11-10 11:40:00+00:00,BBY,0.466523144294725,0.466523144294725,20,0.0
1998-11-10 11:41:00+00:00,BBY,0.4668894153307279,0.4668894153307279,20,0.0
1998-11-10 11:42:00+00:00,BBY,0.4671072874303121,0.4671072874303121,20,0.0
1998-11-10 11:46:00+00:00,BBY,0.4661177794681378,0.4661177794681378,20,0.0
1998-11-10 11:47:00+00:00,BBY,0.46582308379466075,0.46582308379466075,20,0.0
1998-11-10 11:48:00+00:00,BBY,0.4796963018279921,0.4796963018279921,20,0.0
1998-11-10 11:49:00+00:00,BBY,0.5242761012541115,0.5242761012541115,20,0.0
1998-11-10 11:51:00+00:00,BBY,0.4722569805816818,0.4722569805816818,20,0.0
1998-11-10 11:53:00+00:00,BBY,0.46238271563771993,0.46238271563771993,20,0.0
1998-11-10 11:54:00+00:00,BBY,0.4825350696740033,0.4825350696740033,20,0.0
1998-11-10 11:55:00+00:00,BBY,0.46765232419464936,0.46765232419464936,20,0.0
1998-11-10 11:56:00+00:00,BBY,0.467792529482593,0.467792529482593,20,0.0
1998-11-10 11:58:00+00:00,BBY,0.4828114371827463,0.4828114371827463,20,0.0
1998-11-10 11:59:00+00:00,BBY,0.5128736027317471,0.5128736027317471,20,0.0
1998-11-10 12:02:00+00:00,BBY,0.4717844434891238,0.4717844434891238,20,0.0
1998-11-10 12:03:00+00:00,BBY,0.4713833606848072,0.4713833606848072,20,0.0
1998-11-10 12:04:00+00:00,BBY,0.4612166326228519,0.4612166326228519,20,0.0
1998-11-10 12:05:00+00:00,BBY,0.4653346702392996,0.4653346702392996,20,0.0
1998-11-10 12:06:00+00:00,BBY,0.470024810328855,0.470024810328855,20,0.0
1998-11-10 12:07:00+00:00,BBY,0.4702815934355154,0.4702815934355154,20,0.0
1998-11-10 12:08:00+00:00,BBY,0.5133641732983212,0.5133641732983212,20,0.0
1998-11-10 12:10:00+00:00,BBY,0.5134184225408682,0.5134184225408682,20,0.0
1998-11-10 12:11:00+00:00,BBY,0.4747053469708684,0.4747053469708684,20,0.0
1998-11-10 12:12:00+00:00,BBY,0.47662000326202514,0.47662000326202514,20,0.0
1998-11-10 12:13:00+00:00,BBY,0.4795180689501143,0.4795180689501143,20,0.0
1998-11-10 12:15:00+00:00,BBY,0.4775969499518326,0.4775969499518326,20,0.0
1998-11-10 12:16:00+00:00,BBY,0.4856468923127071,0.4856468923127071,20,0.0
1998-11-10 12:17:00+00:00,BBY,0.48215682865549064,0.48215682865549064,20,0.0
1998-11-10 12:19:00+00:00,BBY,0.4838657065288515,0.4838657065288515,20,0.0
1998-11-10 12:21:00+00:00,BBY,0.48738607364067255,0.48738607364067255,20,0.0
1998-11-10 12:22:00+00:00,BBY,0.4719152376279595,0.4719152376279595,20,0.0
1998-11-10 12:23:00+00:00,BBY,0.4715037420399911,0.4715037420399911,20,0.0
1998-11-10 12:29:00+00:00,BBY,0.47170679190494474,0.47170679190494474,20,0.0
1998-11-10 12:32:00+00:00,BBY,0.4841615785083381,0.4841615785083381,20,0.0
1998-11-10 12:34:00+00:00,BBY,0.47272612806957726,0.47272612806957726,20,0.0
1998-11-10 12:35:00+00:00,BBY,0.4756482454055949,0.4756482454055949,20,0.0
1998-11-10 12:36:00+00:00,BBY,0.47313137398675015,0.47313137398675015,20,0.0
1998-11-10 12:37:00+00:00,BBY,0.47546287129591297,0.47546287129591297,20,0.0
1998-11-10 12:40:00+00:00,BBY,0.47395614337279024,0.47395614337279024,20,0.0
1998-11-10 12:41:00+00:00,BBY,0.46969155390384515,0.46969155390384515,20,0.0
1998-11-10 12:43:00+00:00,BBY,0.46878756603287497,0.46878756603287497,20,0.0
1998-11-10 12:48:00+00:00,BBY,0.4727200473782066,0.4727200473782066,20,0.0
1998-11-10 12:54:00+00:00,BBY,0.46881110714308666,0.46881110714308666,20,0.0
1998-11-10 12:55:00+00:00,BBY,0.4634656875692536,0.4634656875692536,20,0.0
1998-11-10 12:56:00+00:00,BBY,0.4741724875214801,0.4741724875214801,20,0.0
1998-11-10 12:57:00+00:00,BBY,0.47990253536452815,0.47990253536452815,20,0.0
1998-11-10 12:58:00+00:00,BBY,0.4787902277889612,0.4787902277889612,20,0.0
1998-11-10 12:59:00+00:00,BBY,0.5060453728652403,0.5060453728652403,20,0.0
1998-11-10 13:00:00+00:00,BBY,0.4797345671830332,0.4797345671830332,20,0.0
1998-11-10 13:02:00+00:00,BBY,0.4749731543757965,0.4749731543757965,20,0.0
1998-11-10 13:03:00+00:00,BBY,0.4743392948167157,0.4743392948167157,20,0.0
1998-11-10 13:04:00+00:00,BBY,0.4753516402838288,0.4753516402838288,20,0.0
1998-11-10 13:05:00+00:00,BBY,0.4825745125407924,0.4825745125407924,20,0.0
1998-11-10 13:07:00+00:00,BBY,0.48312691815262093,0.48312691815262093,20,0.0
1998-11-10 13:09:00+00:00,BBY,0.4651818943817957,0.4651818943817957,20,0.0
1998-11-10 13:10:00+00:00,BBY,0.46583898683263203,0.46583898683263203,20,0.0
1998-11-10 13:11:00+00:00,BBY,0.46212130681456154,0.46212130681456154,20,0.0
1998-11-10 13:12:00+00:00,BBY,0.46521777271303466,0.46521777271303466,20,0.0
1998-11-10 13:13:00+00:00,BBY,0.467660183211209,0.467660183211209,20,0.0
1998-11-10 13:14:00+00:00,BBY,0.4712174561625257,0.4712174561625257,20,0.0
1998-11-10 13:15:00+00:00,BBY,0.47179393399730407,0.47179393399730407,20,0.0
1998-11-10 13:17:00+00:00,BBY,0.4750918757779307,0.4750918757779307,20,0.0
1998-11-10 13:18:00+00:00,BBY,0.47298645832794683,0.47298645832794683,20,0.0
1998-11-10 13:19:00+00:00,BBY,0.4767032324638207,0.4767032324638207,20,0.0
1998-11-10 13:20:00+00:00,BBY,0.48212643636127606,0.48212643636127606,20,0.0
1998-11-10 13:23:00+00:00,BBY,0.477702777525905,0.477702777525905,20,0.0
1998-11-10 13:25:00+00:00,BBY,0.48298782887229436,0.48298782887229436,20,0.0
1998-11-10 13:26:00+00:00,BBY,0.4736155396285175,0.4736155396285175,20,0.0
1998-11-10 13:29:00+00:00,BBY,0.4765322513747775,0.4765322513747775,20,0.0
1998-11-10 13:30:00+00:00,BBY,0.4777741717654088,0.4777741717654088,20,0.0
1998-11-10 13:31:00+00:00,BBY,0.47805049987689396,0.47805049987689396,20,0.0
1998-11-10 13:32:00+00:00,BBY,0.47810994932937956,0.47810994932937956,20,0.0
1998-11-10 13:36:00+00:00,BBY,0.4777598005642101,0.4777598005642101,20,0.0
1998-11-10 13:37:00+00:00,BBY,0.47198569757100534,0.47198569757100534,20,0.0
1998-11-10 13:38:00+00:00,BBY,0.48046073395367395,0.48046073395367395,20,0.0
1998-11-10 13:39:00+00:00,BBY,0.4845501584663178,0.4845501584663178,20,0.0
1998-11-10 13:41:00+00:00,BBY,0.49975845467343866,0.49975845467343866,20,0.0
1998-11-10 13:43:00+00:00,BBY,0.477339469364782,0.477339469364782,20,0.0
1998-11-10 13:44:00+00:00,BBY,0.4778901407656753,0.4778901407656753,20,0.0
1998-11-10 13:45:00+00:00,BBY,0.469943107346753,0.469943107346753,20,0.0
1998-11-10 13:46:00+00:00,BBY,0.4776798536322847,0.4776798536322847,20,0.0
1998-11-10 13:47:00+00:00,BBY,0.48241238739537684,0.48241238739537684,20,0.0
1998-11-10 13:49:00+00:00,BBY,0.47701375584207295,0.47701375584207295,20,0.0
1998-11-10 13:50:00+00:00,BBY,0.47093379620005965,0.47093379620005965,20,0.0
1998-11-10 13:51:00+00:00,BBY,0.4695693701726135,0.4695693701726135,20,0.0
1998-11-10 13:52:00+00:00,BBY,0.46975639122950535,0.46975639122950535,20,0.0
1998-11-10 13:53:00+00:00,BBY,0.467937826369202,0.467937826369202,20,0.0
1998-11-10 13:54:00+00:00,BBY,0.47047011885402024,0.47047011885402024,20,0.0
1998-11-10 13:55:00+00:00,BBY,0.4778721396118684,0.4778721396118684,20,0.0
1998-11-10 13:56:00+00:00,BBY,0.47793555665923215,0.47793555665923215,20,0.0
1998-11-10 13:57:00+00:00,BBY,0.46628889327860845,0.46628889327860845,20,0.0
1998-11-10 13:59:00+00:00,BBY,0.46732427171455493,0.46732427171455493,20,0.0
1998-11-10 14:00:00+00:00,BBY,0.47464014218071787,0.47464014218071787,20,0.0
1998-11-10 14:01:00+00:00,BBY,0.47805797073746775,0.47805797073746775,20,0.0
1998-11-10 14:02:00+00:00,BBY,0.4781866556120756,0.4781866556120756,20,0.0
1998-11-10 14:03:00+00:00,BBY,0.535215477594946,0.535215477594946,20,0.0
1998-11-10 14:04:00+00:00,BBY,0.5142312216320585,0.5142312216320585,20,0.0
1998-11-10 14:06:00+00:00,BBY,0.5345809543459658,0.5345809543459658,20,0.0
1998-11-10 14:07:00+00:00,BBY,0.4610327209316157,0.4610327209316157,20,0.0
1998-11-10 14:08:00+00:00,BBY,0.4614857258702474,0.4614857258702474,20,0.0
1998-11-10 14:09:00+00:00,BBY,0.4632849719964475,0.4632849719964475,20,0.0
1998-11-10 14:12:00+00:00,BBY,0.4731639063894142,0.4731639063894142,20,0.0
1998-11-10 14:13:00+00:00,BBY,0.5091851199566271,0.5091851199566271,20,0.0
1998-11-10 14:15:00+00:00,BBY,0.5092311464527653,0.5092311464527653,20,0.0
1998-11-10 14:17:00+00:00,BBY,0.5089918467303507,0.5089918467303507,20,0.0
1998-11-10 14:18:00+00:00,BBY,0.4738077484172976,0.4738077484172976,20,0.0
1998-11-10 14:21:00+00:00,BBY,0.49002493348374854,0.49002493348374854,20,0.0
1998-11-10 14:22:00+00:00,BBY,0.5135618736312122,0.5135618736312122,20,0.0
1998-11-10 14:24:00+00:00,BBY,0.5272928361396778,0.5272928361396778,20,0.0
1998-11-10 14:25:00+00:00,BBY,0.5268846646527097,0.5268846646527097,20,0.0
1998-11-10 14:26:00+00:00,BBY,0.5265569750542916,0.5265569750542916,20,0.0
1998-11-10 14:28:00+00:00,BBY,0.516445290190588,0.516445290190588,20,0.0
1998-11-10 14:29:00+00:00,BBY,0.4778955547523793,0.4778955547523793,20,0.0
1998-11-10 14:31:00+00:00,BBY,0.4794422203083654,0.4794422203083654,20,0.0
1998-11-10 14:32:00+00:00,BBY,0.5153781899324983,0.5153781899324983,20,0.0
1998-11-10 14:33:00+00:00,BBY,0.4769039357175698,0.4769039357175698,20,0.0
1998-11-10 14:35:00+00:00,BBY,0.48601008307657234,0.48601008307657234,20,0.0
1998-11-10 14:36:00+00:00,BBY,0.4744362835372035,0.4744362835372035,20,0.0
1998-11-10 14:37:00+00:00,BBY,0.47073748463704246,0.47073748463704246,20,0.0
1998-11-10 14:39:00+00:00,BBY,0.47045775640371934,0.47045775640371934,20,0.0
1998-11-10 14:43:00+00:00,BBY,0.4749788654260395,0.4749788654260395,20,0.0
1998-11-10 14:44:00+00:00,BBY,0.4754906916059321,0.4754906916059321,20,0.0
1998-11-10 14:46:00+00:00,BBY,0.4650940010822542,0.4650940010822542,20,0.0
1998-11-10 14:47:00+00:00,BBY,0.46011501590196335,0.46011501590196335,20,0.0
1998-11-10 14:48:00+00:00,BBY,0.46251928714126894,0.46251928714126894,20,0.0
1998-11-10 14:50:00+00:00,BBY,0.4622312286319398,0.4622312286319398,20,0.0
1998-11-10 14:51:00+00:00,BBY,0.46264022781227543,0.46264022781227543,20,0.0
1998-11-10 14:52:00+00:00,BBY,0.4660909100932562,0.4660909100932562,20,0.0
1998-11-10 14:53:00+00:00,BBY,0.463527011590516,0.463527011590516,20,0.0
1998-11-10 14:55:00+00:00,BBY,0.4701145402410057,0.4701145402410057,20,0.0
1998-11-10 14:56:00+00:00,BBY,0.4684270513615124,0.4684270513615124,20,0.0
1998-11-10 14:58:00+00:00,BBY,0.4642508863792547,0.4642508863792547,20,0.0
1998-11-10 15:02:00+00:00,BBY,0.4836333132459767,0.4836333132459767,20,0.0
1998-11-10 15:03:00+00:00,BBY,0.467049498529353,0.467049498529353,20,0.0
1998-11-10 15:05:00+00:00,BBY,0.46545764772537074,0.46545764772537074,20,0.0
1998-11-10 15:07:00+00:00,BBY,0.5086816298680692,0.5086816298680692,20,0.0
1998-11-10 15:08:00+00:00,BBY,0.47785592426194445,0.47785592426194445,20,0.0
1998-11-10 15:09:00+00:00,BBY,0.4609964798113322,0.4609964798113322,20,0.0
1998-11-10 15:11:00+00:00,BBY,0.4653885109301705,0.4653885109301705,20,0.0
1998-11-10 15:12:00+00:00,BBY,0.4593460941419634,0.4593460941419634,20,0.0
1998-11-10 15:13:00+00:00,BBY,0.4607205127491163,0.4607205127491163,20,0.0
1998-11-10 15:14:00+00:00,BBY,0.47221745340705207,0.47221745340705207,20,0.0
1998-11-10 15:15:00+00:00,BBY,0.4788959792069662,0.4788959792069662,20,0.0
1998-11-10 15:16:00+00:00,BBY,0.47840044449121405,0.47840044449121405,20,0.0
1998-11-10 15:17:00+00:00,BBY,0.4782680336413195,0.4782680336413195,20,0.0
1998-11-10 15:18:00+00:00,BBY,0.49906970605783774,0.49906970605783774,20,0.0
1998-11-10 15:20:00+00:00,BBY,0.5281003377561938,0.5281003377561938,20,0.0
1998-11-10 15:21:00+00:00,BBY,0.5229511647191066,0.5229511647191066,20,0.0
1998-11-10 15:22:00+00:00,BBY,0.5172982577067646,0.5172982577067646,20,0.0
1998-11-10 15:23:00+00:00,BBY,0.49781117957113474,0.49781117957113474,20,0.0
1998-11-10 15:25:00+00:00,BBY,0.4993666381166893,0.4993666381166893,20,0.0
1998-11-10 15:26:00+00:00,BBY,0.4914043015420091,0.4914043015420091,20,0.0
1998-11-10 15:27:00+00:00,BBY,0.5060292805752905,0.5060292805752905,20,0.0
1998-11-10 15:28:00+00:00,BBY,0.48453498632547176,0.48453498632547176,20,0.0
1998-11-10 15:29:00+00:00,BBY,0.5255489794761593,0.5255489794761593,20,0.0
1998-11-10 15:30:00+00:00,BBY,0.5255361197798443,0.5255361197798443,20,0.0
1998-11-10 15:31:00+00:00,BBY,0.5193419793121802,0.5193419793121802,20,0.0
1998-11-10 15:33:00+00:00,BBY,0.5349922301789031,0.5349922301789031,20,0.0
1998-11-10 15:34:00+00:00,BBY,0.47491033438554214,0.47491033438554214,20,0.0
1998-11-10 15:35:00+00:00,BBY,0.47191432376878,0.47191432376878,20,0.0
1998-11-10 15:36:00+00:00,BBY,0.4700276674165865,0.4700276674165865,20,0.0
1998-11-10 15:37:00+00:00,BBY,0.47390926219124924,0.47390926219124924,20,0.0
1998-11-10 15:38:00+00:00,BBY,0.473416462003594,0.473416462003594,20,0.0
1998-11-10 15:39:00+00:00,BBY,0.46924383011075455,0.46924383011075455,20,0.0
1998-11-10 15:40:00+00:00,BBY,0.47329870385547945,0.47329870385547945,20,0.0
1998-11-10 15:41:00+00:00,BBY,0.4616657943249568,0.4616657943249568,20,0.0
1998-11-10 15:42:00+00:00,BBY,0.4607125319901531,0.4607125319901531,20,0.0
1998-11-10 15:44:00+00:00,BBY,0.45985412408127246,0.45985412408127246,20,0.0
1998-11-10 15:45:00+00:00,BBY,0.467005259853327,0.467005259853327,20,0.0
1998-11-10 15:46:00+00:00,BBY,0.4698587592106309,0.4698587592106309,20,0.0
1998-11-10 15:47:00+00:00,BBY,0.47318295668809834,0.47318295668809834,20,0.0
1998-11-10 15:48:00+00:00,BBY,0.4669637376857521,0.4669637376857521,20,0.0
1998-11-10 15:49:00+00:00,BBY,0.45784143340343086,0.45784143340343086,20,0.0
1998-11-10 15:50:00+00:00,BBY,0.46611067510599247,0.46611067510599247,20,0.0
1998-11-10 15:51:00+00:00,BBY,0.45318334253858705,0.45318334253858705,20,0.0
1998-11-10 15:52:00+00:00,BBY,0.4631288006079366,0.4631288006079366,20,0.0
1998-11-10 15:53:00+00:00,BBY,0.45658010816561395,0.45658010816561395,20,0.0
1998-11-10 15:54:00+00:00,BBY,0.4726334641960501,0.4726334641960501,20,0.0
1998-11-10 15:55:00+00:00,BBY,0.4793797647271624,0.4793797647271624,20,0.0
1998-11-10 15:56:00+00:00,BBY,0.4791477642793051,0.4791477642793051,20,0.0
1998-11-10 15:57:00+00:00,BBY,0.5225569672001716,0.5225569672001716,20,0.0
1998-11-10 15:58:00+00:00,BBY,0.525841036232879,0.525841036232879,20,0.0
1998-11-10 15:59:00+00:00,BBY,0.5265142952332775,0.5265142952332775,20,0.0
1998-11-11 09:33:00+00:00,BBY,0.5620573047961297,0.5620573047961297,20,208.72305563256637
1998-11-11 09:34:00+00:00,BBY,0.5649538677699706,0.5649538677699706,20,258.150227882263
1998-11-11 09:35:00+00:00,BBY,0.5666544617362238,0.5666544617362238,20,287.5077644525047
1998-11-11 09:36:00+00:00,BBY,0.5646146328759714,0.5646146328759714,20,251.60336405645532
1998-11-11 09:37:00+00:00,BBY,0.5630721406204465,0.5630721406204465,20,225.04804489006244
1998-11-11 09:38:00+00:00,BBY,0.5637826486946541,0.5637826486946541,20,237.28004710161443
1998-11-11 09:39:00+00:00,BBY,0.5317026706057131,0.5317026706057131,20,0.0
1998-11-11 09:40:00+00:00,BBY,0.5318110456876862,0.5318110456876862,20,0.0
1998-11-11 09:41:00+00:00,BBY,0.5323992647109722,0.5323992647109722,20,0.0
1998-11-11 09:42:00+00:00,BBY,0.5285221562415369,0.5285221562415369,20,0.0
1998-11-11 09:43:00+00:00,BBY,0.5268309719861737,0.5268309719861737,20,0.0
1998-11-11 09:44:00+00:00,BBY,0.5207353245626256,0.5207353245626256,20,0.0
1998-11-11 09:45:00+00:00,BBY,0.5201232832310831,0.5201232832310831,20,0.0
1998-11-11 09:46:00+00:00,BBY,0.4703301665150885,0.4703301665150885,20,0.0
1998-11-11 09:47:00+00:00,BBY,0.4698659274882685,0.4698659274882685,20,0.0
1998-11-11 09:49:00+00:00,BBY,0.4715464110865739,0.4715464110865739,20,0.0
1998-11-11 09:50:00+00:00,BBY,0.47573708174134455,0.47573708174134455,20,0.0
1998-11-11 09:51:00+00:00,BBY,0.47555053968409167,0.47555053968409167,20,0.0
1998-11-11 09:52:00+00:00,BBY,0.47724246053962993,0.47724246053962993,20,0.0
1998-11-11 09:53:00+00:00,BBY,0.47727005495006913,0.47727005495006913,20,0.0
1998-11-11 09:54:00+00:00,BBY,0.5044165868001723,0.5044165868001723,20,0.0
1998-11-11 09:55:00+00:00,BBY,0.5036532684905617,0.5036532684905617,20,0.0
1998-11-11 09:56:00+00:00,BBY,0.5298092891303691,0.5298092891303691,20,0.0
1998-11-11 09:57:00+00:00,BBY,0.4813906444213186,0.4813906444213186,20,0.0
1998-11-11 09:58:00+00:00,BBY,0.4689826490972123,0.4689826490972123,20,0.0
1998-11-11 09:59:00+00:00,BBY,0.4772725446962318,0.4772725446962318,20,0.0
1998-11-11 10:00:00+00:00,BBY,0.4576120402525942,0.4576120402525942,20,0.0
1998-11-11 10:01:00+00:00,BBY,0.4578110628815704,0.4578110628815704,20,0.0
1998-11-11 10:02:00+00:00,BBY,0.45860328038827874,0.45860328038827874,20,0.0
1998-11-11 10:03:00+00:00,BBY,0.45627159391029815,0.45627159391029815,20,0.0
1998-11-11 10:04:00+00:00,BBY,0.4564760805252259,0.4564760805252259,20,0.0
1998-11-11 10:05:00+00:00,BBY,0.45547659272045715,0.45547659272045715,20,0.0
1998-11-11 10:06:00+00:00,BBY,0.45431534805967283,0.45431534805967283,20,0.0
1998-11-11 10:07:00+00:00,BBY,0.45576673411927476,0.45576673411927476,20,0.0
1998-11-11 10:08:00+00:00,BBY,0.45232999294620163,0.45232999294620163,20,0.0
1998-11-11 10:09:00+00:00,BBY,0.45682561773959357,0.45682561773959357,20,0.0
1998-11-11 10:10:00+00:00,BBY,0.4347870754994303,0.4347870754994303,20,0.0
1998-11-11 10:11:00+00:00,BBY,0.4434119795333896,0.4434119795333896,20,0.0
1998-11-11 10:12:00+00:00,BBY,0.43156266806406307,0.43156266806406307,20,0.0
1998-11-11 10:13:00+00:00,BBY,0.4318926574608904,0.4318926574608904,20,0.0
1998-11-11 10:14:00+00:00,BBY,0.41103247489256134,0.41103247489256134,20,0.0
1998-11-11 10:15:00+00:00,BBY,0.4275661829452803,0.4275661829452803,20,0.0
1998-11-11 10:16:00+00:00,BBY,0.4299393732885874,0.4299393732885874,20,0.0
1998-11-11 10:17:00+00:00,BBY,0.4394896344816797,0.4394896344816797,20,0.0
1998-11-11 10:18:00+00:00,BBY,0.45533774168071256,0.45533774168071256,20,0.0
1998-11-11 10:19:00+00:00,BBY,0.45693804540435595,0.45693804540435595,20,0.0
1998-11-11 10:20:00+00:00,BBY,0.4424565817732318,0.4424565817732318,20,0.0
1998-11-11 10:21:00+00:00,BBY,0.42942527434872035,0.42942527434872035,20,0.0
1998-11-11 10:23:00+00:00,BBY,0.47019232009557266,0.47019232009557266,20,0.0
1998-11-11 10:24:00+00:00,BBY,0.4819630705970958,0.4819630705970958,20,0.0
1998-11-11 10:26:00+00:00,BBY,0.466051335675442,0.466051335675442,20,0.0
1998-11-11 10:27:00+00:00,BBY,0.4753879813243223,0.4753879813243223,20,0.0
1998-11-11 10:28:00+00:00,BBY,0.47865322606807037,0.47865322606807037,20,0.0
1998-11-11 10:29:00+00:00,BBY,0.45795575470977773,0.45795575470977773,20,0.0
1998-11-11 10:33:00+00:00,BBY,0.4716227121841584,0.4716227121841584,20,0.0
1998-11-11 10:34:00+00:00,BBY,0.4666039360162466,0.4666039360162466,20,0.0
1998-11-11 10:35:00+00:00,BBY,0.4634574895088075,0.4634574895088075,20,0.0
1998-11-11 10:36:00+00:00,BBY,0.47378412362315797,0.47378412362315797,20,0.0
1998-11-11 10:37:00+00:00,BBY,0.46345147866443176,0.46345147866443176,20,0.0
1998-11-11 10:38:00+00:00,BBY,0.4622165670763695,0.4622165670763695,20,0.0
1998-11-11 10:39:00+00:00,BBY,0.4701279938178073,0.4701279938178073,20,0.0
1998-11-11 10:40:00+00:00,BBY,0.47065698828255575,0.47065698828255575,20,0.0
1998-11-11 10:41:00+00:00,BBY,0.47015416242458913,0.47015416242458913,20,0.0
1998-11-11 10:43:00+00:00,BBY,0.46385051093166446,0.46385051093166446,20,0.0
1998-11-11 10:44:00+00:00,BBY,0.46545500850808,0.46545500850808,20,0.0
1998-11-11 10:45:00+00:00,BBY,0.46378879236499787,0.46378879236499787,20,0.0
1998-11-11 10:46:00+00:00,BBY,0.4657307566702699,0.4657307566702699,20,0.0
1998-11-11 10:47:00+00:00,BBY,0.46248729200922134,0.46248729200922134,20,0.0
1998-11-11 10:48:00+00:00,BBY,0.46505487092640324,0.46505487092640324,20,0.0
1998-11-11 10:49:00+00:00,BBY,0.46145011713143336,0.46145011713143336,20,0.0
1998-11-11 10:50:00+00:00,BBY,0.4581504451706876,0.4581504451706876,20,0.0
1998-11-11 10:51:00+00:00,BBY,0.4579848480404801,0.4579848480404801,20,0.0
1998-11-11 10:52:00+00:00,BBY,0.44365596281670194,0.44365596281670194,20,0.0
1998-11-11 10:53:00+00:00,BBY,0.46189264245725165,0.46189264245725165,20,0.0
1998-11-11 10:54:00+00:00,BBY,0.4614131488445525,0.4614131488445525,20,0.0
1998-11-11 10:55:00+00:00,BBY,0.4443386694021959,0.4443386694021959,20,0.0
1998-11-11 10:56:00+00:00,BBY,0.42507336707021703,0.42507336707021703,20,0.0
1998-11-11 10:57:00+00:00,BBY,0.43202316666502405,0.43202316666502405,20,0.0
1998-11-11 10:58:00+00:00,BBY,0.4330983737042691,0.4330983737042691,20,0.0
1998-11-11 10:59:00+00:00,BBY,0.45810148789870464,0.45810148789870464,20,0.0
1998-11-11 11:02:00+00:00,BBY,0.4527431304905553,0.4527431304905553,20,0.0
1998-11-11 11:03:00+00:00,BBY,0.4292828285169374,0.4292828285169374,20,0.0
1998-11-11 11:04:00+00:00,BBY,0.430488424486982,0.430488424486982,20,0.0
1998-11-11 11:05:00+00:00,BBY,0.4309097421175693,0.4309097421175693,20,0.0
1998-11-11 11:06:00+00:00,BBY,0.4306815485893149,0.4306815485893149,20,0.0
1998-11-11 11:07:00+00:00,BBY,0.4288637230972464,0.4288637230972464,20,0.0
1998-11-11 11:08:00+00:00,BBY,0.42816955557458847,0.42816955557458847,20,0.0
1998-11-11 11:10:00+00:00,BBY,0.42814429137520416,0.42814429137520416,20,0.0
1998-11-11 11:12:00+00:00,BBY,0.46116615309144177,0.46116615309144177,20,0.0
1998-11-11 11:13:00+00:00,BBY,0.4574847841894954,0.4574847841894954,20,0.0
1998-11-11 11:14:00+00:00,BBY,0.42449803316278634,0.42449803316278634,20,0.0
1998-11-11 11:15:00+00:00,BBY,0.4543053643011554,0.4543053643011554,20,0.0
1998-11-11 11:16:00+00:00,BBY,0.44953250633153474,0.44953250633153474,20,0.0
1998-11-11 11:17:00+00:00,BBY,0.45054158269444194,0.45054158269444194,20,0.0
1998-11-11 11:18:00+00:00,BBY,0.4533429549101049,0.4533429549101049,20,0.0
1998-11-11 11:19:00+00:00,BBY,0.4582872674009963,0.4582872674009963,20,0.0
1998-11-11 11:20:00+00:00,BBY,0.4626164750948102,0.4626164750948102,20,0.0
1998-11-11 11:21:00+00:00,BBY,0.4315796299096898,0.4315796299096898,20,0.0
1998-11-11 11:22:00+00:00,BBY,0.47335618692905956,0.47335618692905956,20,0.0
1998-11-11 11:23:00+00:00,BBY,0.4370026569690304,0.4370026569690304,20,0.0
1998-11-11 11:24:00+00:00,BBY,0.42545148018282686,0.42545148018282686,20,0.0
1998-11-11 11:25:00+00:00,BBY,0.4260822865868328,0.4260822865868328,20,0.0
1998-11-11 11:26:00+00:00,BBY,0.4376546060794289,0.4376546060794289,20,0.0
1998-11-11 11:27:00+00:00,BBY,0.4288160789410284,0.4288160789410284,20,0.0
1998-11-11 11:28:00+00:00,BBY,0.4288163527453804,0.4288163527453804,20,0.0
1998-11-11 11:29:00+00:00,BBY,0.43038703400070455,0.43038703400070455,20,0.0
1998-11-11 11:30:00+00:00,BBY,0.4370595279680134,0.4370595279680134,20,0.0
1998-11-11 11:31:00+00:00,BBY,0.4492524665037052,0.4492524665037052,20,0.0
1998-11-11 11:32:00+00:00,BBY,0.47393455950836627,0.47393455950836627,20,0.0
1998-11-11 11:33:00+00:00,BBY,0.4580513230466563,0.4580513230466563,20,0.0
1998-11-11 11:34:00+00:00,BBY,0.4336226676553098,0.4336226676553098,20,0.0
1998-11-11 11:35:00+00:00,BBY,0.45307840831593577,0.45307840831593577,20,0.0
1998-11-11 11:36:00+00:00,BBY,0.4543295646127905,0.4543295646127905,20,0.0
1998-11-11 11:37:00+00:00,BBY,0.45249328923389776,0.45249328923389776,20,0.0
1998-11-11 11:38:00+00:00,BBY,0.47676302834276707,0.47676302834276707,20,0.0
1998-11-11 11:39:00+00:00,BBY,0.4512032369535111,0.4512032369535111,20,0.0
1998-11-11 11:40:00+00:00,BBY,0.4621386751877494,0.4621386751877494,20,0.0
1998-11-11 11:41:00+00:00,BBY,0.4754059188830027,0.4754059188830027,20,0.0
1998-11-11 11:42:00+00:00,BBY,0.45757146901869883,0.45757146901869883,20,0.0
1998-11-11 11:43:00+00:00,BBY,0.43910723503780624,0.43910723503780624,20,0.0
1998-11-11 11:44:00+00:00,BBY,0.4401431176839421,0.4401431176839421,20,0.0
1998-11-11 11:45:00+00:00,BBY,0.45766309979934794,0.45766309979934794,20,0.0
1998-11-11 11:46:00+00:00,BBY,0.4860146186388858,0.4860146186388858,20,0.0
1998-11-11 11:47:00+00:00,BBY,0.4768293544019908,0.4768293544019908,20,0.0
1998-11-11 11:48:00+00:00,BBY,0.4769242631611529,0.4769242631611529,20,0.0
1998-11-11 11:49:00+00:00,BBY,0.44163338339091346,0.44163338339091346,20,0.0
1998-11-11 11:50:00+00:00,BBY,0.5268598278762673,0.5268598278762673,20,0.0
1998-11-11 11:51:00+00:00,BBY,0.5353465953060768,0.5353465953060768,20,0.0
1998-11-11 11:52:00+00:00,BBY,0.5649905174477898,0.5649905174477898,20,279.57993408932225
1998-11-11 11:53:00+00:00,BBY,0.5249775953280991,0.5249775953280991,20,0.0
1998-11-11 11:54:00+00:00,BBY,0.5299633979766631,0.5299633979766631,20,0.0
1998-11-11 11:55:00+00:00,BBY,0.5224921625933111,0.5224921625933111,20,0.0
1998-11-11 11:56:00+00:00,BBY,0.5271768930791007,0.5271768930791007,20,0.0
1998-11-11 11:57:00+00:00,BBY,0.5384465883369954,0.5384465883369954,20,0.0
1998-11-11 11:58:00+00:00,BBY,0.5438349200754805,0.5438349200754805,20,0.0
1998-11-11 11:59:00+00:00,BBY,0.523210951883757,0.523210951883757,20,0.0
1998-11-11 12:00:00+00:00,BBY,0.5231434719371909,0.5231434719371909,20,0.0
1998-11-11 12:01:00+00:00,BBY,0.4876135907026955,0.4876135907026955,20,0.0
1998-11-11 12:02:00+00:00,BBY,0.45854139531508553,0.45854139531508553,20,0.0
1998-11-11 12:03:00+00:00,BBY,0.5233351044153748,0.5233351044153748,20,0.0
1998-11-11 12:04:00+00:00,BBY,0.5188645528644033,0.5188645528644033,20,0.0
1998-11-11 12:05:00+00:00,BBY,0.5402463185392482,0.5402463185392482,20,0.0
1998-11-11 12:06:00+00:00,BBY,0.5445355184676597,0.5445355184676597,20,0.0
1998-11-11 12:07:00+00:00,BBY,0.5511765986342666,0.5511765986342666,20,21.78200621926034
1998-11-11 12:08:00+00:00,BBY,0.5318924242809085,0.5318924242809085,20,0.0
1998-11-11 12:09:00+00:00,BBY,0.4502109121528129,0.4502109121528129,20,0.0
1998-11-11 12:10:00+00:00,BBY,0.4558455517523162,0.4558455517523162,20,0.0
1998-11-11 12:11:00+00:00,BBY,0.48449166733353033,0.48449166733353033,20,0.0
1998-11-11 12:12:00+00:00,BBY,0.4837646487519883,0.4837646487519883,20,0.0
1998-11-11 12:13:00+00:00,BBY,0.48305187696367446,0.48305187696367446,20,0.0
1998-11-11 12:14:00+00:00,BBY,0.5311779137719,0.5311779137719,20,0.0
1998-11-11 12:15:00+00:00,BBY,0.528174566365652,0.528174566365652,20,0.0
1998-11-11 12:16:00+00:00,BBY,0.5410941750794808,0.5410941750794808,20,0.0
1998-11-11 12:17:00+00:00,BBY,0.5403314169040507,0.5403314169040507,20,0.0
1998-11-11 12:18:00+00:00,BBY,0.520048237105393,0.520048237105393,20,0.0
1998-11-11 12:19:00+00:00,BBY,0.4762529830649825,0.4762529830649825,20,0.0
1998-11-11 12:20:00+00:00,BBY,0.48465946955057504,0.48465946955057504,20,0.0
1998-11-11 12:21:00+00:00,BBY,0.484719289843149,0.484719289843149,20,0.0
1998-11-11 12:22:00+00:00,BBY,0.5082679027962819,0.5082679027962819,20,0.0
1998-11-11 12:23:00+00:00,BBY,0.5085302551204575,0.5085302551204575,20,0.0
1998-11-11 12:24:00+00:00,BBY,0.5081193533254079,0.5081193533254079,20,0.0
1998-11-11 12:27:00+00:00,BBY,0.4662673342909591,0.4662673342909591,20,0.0
1998-11-11 12:28:00+00:00,BBY,0.4657039185208257,0.4657039185208257,20,0.0
1998-11-11 12:30:00+00:00,BBY,0.464887758350847,0.464887758350847,20,0.0
1998-11-11 12:31:00+00:00,BBY,0.46324971419093386,0.46324971419093386,20,0.0
1998-11-11 12:32:00+00:00,BBY,0.45689604255441,0.45689604255441,20,0.0
1998-11-11 12:33:00+00:00,BBY,0.46417354057850485,0.46417354057850485,20,0.0
1998-11-11 12:34:00+00:00,BBY,0.4685529370656753,0.4685529370656753,20,0.0
1998-11-11 12:35:00+00:00,BBY,0.4679024472231095,0.4679024472231095,20,0.0
1998-11-11 12:36:00+00:00,BBY,0.4667637535697199,0.4667637535697199,20,0.0
1998-11-11 12:37:00+00:00,BBY,0.4783373734268147,0.4783373734268147,20,0.0
1998-11-11 12:39:00+00:00,BBY,0.48198764697379104,0.48198764697379104,20,0.0
1998-11-11 12:40:00+00:00,BBY,0.4832937900852432,0.4832937900852432,20,0.0
1998-11-11 12:41:00+00:00,BBY,0.4719905888814862,0.4719905888814862,20,0.0
1998-11-11 12:42:00+00:00,BBY,0.4727204147046558,0.4727204147046558,20,0.0
1998-11-11 12:43:00+00:00,BBY,0.4838892019107285,0.4838892019107285,20,0.0
1998-11-11 12:44:00+00:00,BBY,0.4822463740398357,0.4822463740398357,20,0.0
1998-11-11 12:46:00+00:00,BBY,0.482381386845791,0.482381386845791,20,0.0
1998-11-11 12:48:00+00:00,BBY,0.4831984681031285,0.4831984681031285,20,0.0
1998-11-11 12:49:00+00:00,BBY,0.4653553025081063,0.4653553025081063,20,0.0
1998-11-11 12:50:00+00:00,BBY,0.4671199279945366,0.4671199279945366,20,0.0
1998-11-11 12:51:00+00:00,BBY,0.47791368621059943,0.47791368621059943,20,0.0
1998-11-11 12:54:00+00:00,BBY,0.47827725507729124,0.47827725507729124,20,0.0
1998-11-11 12:55:00+00:00,BBY,0.478551908622439,0.478551908622439,20,0.0
1998-11-11 12:56:00+00:00,BBY,0.4787139838514034,0.4787139838514034,20,0.0
1998-11-11 12:57:00+00:00,BBY,0.4992240333795444,0.4992240333795444,20,0.0
1998-11-11 12:58:00+00:00,BBY,0.5009712317435474,0.5009712317435474,20,0.0
1998-11-11 12:59:00+00:00,BBY,0.4994935071302633,0.4994935071302633,20,0.0
1998-11-11 13:00:00+00:00,BBY,0.5010468089742861,0.5010468089742861,20,0.0
1998-11-11 13:01:00+00:00,BBY,0.5010116871344683,0.5010116871344683,20,0.0
1998-11-11 13:02:00+00:00,BBY,0.4997901653255257,0.4997901653255257,20,0.0
1998-11-11 13:03:00+00:00,BBY,0.4994371778242222,0.4994371778242222,20,0.0
1998-11-11 13:04:00+00:00,BBY,0.47801019555026897,0.47801019555026897,20,0.0
1998-11-11 13:05:00+00:00,BBY,0.4969514705438775,0.4969514705438775,20,0.0
1998-11-11 13:06:00+00:00,BBY,0.4979587141772702,0.4979587141772702,20,0.0
1998-11-11 13:07:00+00:00,BBY,0.4781647160857559,0.4781647160857559,20,0.0
1998-11-11 13:08:00+00:00,BBY,0.4780192186412272,0.4780192186412272,20,0.0
1998-11-11 13:09:00+00:00,BBY,0.49722606002043573,0.49722606002043573,20,0.0
1998-11-11 13:10:00+00:00,BBY,0.49699820223209923,0.49699820223209923,20,0.0
1998-11-11 13:12:00+00:00,BBY,0.4779521755519066,0.4779521755519066,20,0.0
1998-11-11 13:13:00+00:00,BBY,0.4955332814051368,0.4955332814051368,20,0.0
1998-11-11 13:15:00+00:00,BBY,0.46774794452897767,0.46774794452897767,20,0.0
1998-11-11 13:16:00+00:00,BBY,0.46400048342336864,0.46400048342336864,20,0.0
1998-11-11 13:17:00+00:00,BBY,0.4613827698955916,0.4613827698955916,20,0.0
1998-11-11 13:18:00+00:00,BBY,0.462618218512695,0.462618218512695,20,0.0
1998-11-11 13:19:00+00:00,BBY,0.4672849012491721,0.4672849012491721,20,0.0
1998-11-11 13:20:00+00:00,BBY,0.48205480845084864,0.48205480845084864,20,0.0
1998-11-11 13:21:00+00:00,BBY,0.4482076013067903,0.4482076013067903,20,0.0
1998-11-11 13:22:00+00:00,BBY,0.4492600602145152,0.4492600602145152,20,0.0
1998-11-11 13:23:00+00:00,BBY,0.43879199390414747,0.43879199390414747,20,0.0
1998-11-11 13:24:00+00:00,BBY,0.4305420127323431,0.4305420127323431,20,0.0
1998-11-11 13:25:00+00:00,BBY,0.4186235858877829,0.4186235858877829,20,0.0
1998-11-11 13:26:00+00:00,BBY,0.43149734340582335,0.43149734340582335,20,0.0
1998-11-11 13:27:00+00:00,BBY,0.4702377088777031,0.4702377088777031,20,0.0
1998-11-11 13:28:00+00:00,BBY,0.4328545544366408,0.4328545544366408,20,0.0
1998-11-11 13:29:00+00:00,BBY,0.4345708294956436,0.4345708294956436,20,0.0
1998-11-11 13:30:00+00:00,BBY,0.45789367340722437,0.45789367340722437,20,0.0
1998-11-11 13:31:00+00:00,BBY,0.4604692663458051,0.4604692663458051,20,0.0
1998-11-11 13:32:00+00:00,BBY,0.4695900724882494,0.4695900724882494,20,0.0
1998-11-11 13:33:00+00:00,BBY,0.4519650856062111,0.4519650856062111,20,0.0
1998-11-11 13:34:00+00:00,BBY,0.4765123620363564,0.4765123620363564,20,0.0
1998-11-11 13:35:00+00:00,BBY,0.4910600817895563,0.4910600817895563,20,0.0
1998-11-11 13:36:00+00:00,BBY,0.4734932603253694,0.4734932603253694,20,0.0
1998-11-11 13:37:00+00:00,BBY,0.48054748566713174,0.48054748566713174,20,0.0
1998-11-11 13:38:00+00:00,BBY,0.4849974084000107,0.4849974084000107,20,0.0
1998-11-11 13:39:00+00:00,BBY,0.5073152087708471,0.5073152087708471,20,0.0
1998-11-11 13:40:00+00:00,BBY,0.47190240074649825,0.47190240074649825,20,0.0
1998-11-11 13:41:00+00:00,BBY,0.49182523102980097,0.49182523102980097,20,0.0
1998-11-11 13:42:00+00:00,BBY,0.5237971843277249,0.5237971843277249,20,0.0
1998-11-11 13:43:00+00:00,BBY,0.5028946768698377,0.5028946768698377,20,0.0
1998-11-11 13:45:00+00:00,BBY,0.47229054551080973,0.47229054551080973,20,0.0
1998-11-11 13:46:00+00:00,BBY,0.46277009691117194,0.46277009691117194,20,0.0
1998-11-11 13:47:00+00:00,BBY,0.47082336258256546,0.47082336258256546,20,0.0
1998-11-11 13:48:00+00:00,BBY,0.46260944207536725,0.46260944207536725,20,0.0
1998-11-11 13:49:00+00:00,BBY,0.46739775988387466,0.46739775988387466,20,0.0
1998-11-11 13:50:00+00:00,BBY,0.46828205566738706,0.46828205566738706,20,0.0
1998-11-11 13:51:00+00:00,BBY,0.46495840364720087,0.46495840364720087,20,0.0
1998-11-11 13:52:00+00:00,BBY,0.46592173060294434,0.46592173060294434,20,0.0
1998-11-11 13:53:00+00:00,BBY,0.4552444536859043,0.4552444536859043,20,0.0
1998-11-11 13:54:00+00:00,BBY,0.4559363764748778,0.4559363764748778,20,0.0
1998-11-11 13:55:00+00:00,BBY,0.4534630001128913,0.4534630001128913,20,0.0
1998-11-11 13:56:00+00:00,BBY,0.47907843227983293,0.47907843227983293,20,0.0
1998-11-11 13:58:00+00:00,BBY,0.4571602780075974,0.4571602780075974,20,0.0
1998-11-11 13:59:00+00:00,BBY,0.4752703121278175,0.4752703121278175,20,0.0
1998-11-11 14:00:00+00:00,BBY,0.4754483187276161,0.4754483187276161,20,0.0
1998-11-11 14:01:00+00:00,BBY,0.47561827215921965,0.47561827215921965,20,0.0
1998-11-11 14:02:00+00:00,BBY,0.474488031366264,0.474488031366264,20,0.0
1998-11-11 14:03:00+00:00,BBY,0.47605872895474627,0.47605872895474627,20,0.0
1998-11-11 14:04:00+00:00,BBY,0.47574946285601777,0.47574946285601777,20,0.0
1998-11-11 14:05:00+00:00,BBY,0.45187039379571986,0.45187039379571986,20,0.0
1998-11-11 14:06:00+00:00,BBY,0.48090122465573243,0.48090122465573243,20,0.0
1998-11-11 14:07:00+00:00,BBY,0.4791175346250221,0.4791175346250221,20,0.0
1998-11-11 14:08:00+00:00,BBY,0.4852764186968457,0.4852764186968457,20,0.0
1998-11-11 14:09:00+00:00,BBY,0.48594609399702277,0.48594609399702277,20,0.0
1998-11-11 14:10:00+00:00,BBY,0.5186845682168213,0.5186845682168213,20,0.0
1998-11-11 14:11:00+00:00,BBY,0.51686350712366,0.51686350712366,20,0.0
1998-11-11 14:12:00+00:00,BBY,0.5198519500268081,0.5198519500268081,20,0.0
1998-11-11 14:13:00+00:00,BBY,0.4852154302888891,0.4852154302888891,20,0.0
1998-11-11 14:14:00+00:00,BBY,0.5169628656763542,0.5169628656763542,20,0.0
1998-11-11 14:15:00+00:00,BBY,0.5060826218345058,0.5060826218345058,20,0.0
1998-11-11 14:16:00+00:00,BBY,0.4830895791851443,0.4830895791851443,20,0.0
1998-11-11 14:17:00+00:00,BBY,0.4808726192891722,0.4808726192891722,20,0.0
1998-11-11 14:18:00+00:00,BBY,0.48039916389989673,0.48039916389989673,20,0.0
1998-11-11 14:20:00+00:00,BBY,0.47884930528863195,0.47884930528863195,20,0.0
1998-11-11 14:21:00+00:00,BBY,0.48583022813248783,0.48583022813248783,20,0.0
1998-11-11 14:22:00+00:00,BBY,0.5080361468914366,0.5080361468914366,20,0.0
1998-11-11 14:23:00+00:00,BBY,0.47972458769895565,0.47972458769895565,20,0.0
1998-11-11 14:24:00+00:00,BBY,0.46720799538893476,0.46720799538893476,20,0.0
1998-11-11 14:25:00+00:00,BBY,0.46741335694943825,0.46741335694943825,20,0.0
1998-11-11 14:26:00+00:00,BBY,0.4669862101532143,0.4669862101532143,20,0.0
1998-11-11 14:27:00+00:00,BBY,0.4580323513019223,0.4580323513019223,20,0.0
1998-11-11 14:30:00+00:00,BBY,0.46714984659718556,0.46714984659718556,20,0.0
1998-11-11 14:34:00+00:00,BBY,0.47117456803053576,0.47117456803053576,20,0.0
1998-11-11 14:35:00+00:00,BBY,0.5096610992453641,0.5096610992453641,20,0.0
1998-11-11 14:36:00+00:00,BBY,0.4968591398109361,0.4968591398109361,20,0.0
1998-11-11 14:37:00+00:00,BBY,0.49004374824303587,0.49004374824303587,20,0.0
1998-11-11 14:38:00+00:00,BBY,0.5160028416257653,0.5160028416257653,20,0.0
1998-11-11 14:39:00+00:00,BBY,0.5165404813354206,0.5165404813354206,20,0.0
1998-11-11 14:40:00+00:00,BBY,0.5312049768416541,0.5312049768416541,20,0.0
1998-11-11 14:41:00+00:00,BBY,0.5288033319391295,0.5288033319391295,20,0.0
1998-11-11 14:42:00+00:00,BBY,0.4834276859136724,0.4834276859136724,20,0.0
1998-11-11 14:43:00+00:00,BBY,0.5298626635795324,0.5298626635795324,20,0.0
1998-11-11 14:44:00+00:00,BBY,0.5327520347302552,0.5327520347302552,20,0.0
1998-11-11 14:45:00+00:00,BBY,0.5325177958463507,0.5325177958463507,20,0.0
1998-11-11 14:46:00+00:00,BBY,0.5192401945857508,0.5192401945857508,20,0.0
1998-11-11 14:47:00+00:00,BBY,0.5060213306655758,0.5060213306655758,20,0.0
1998-11-11 14:48:00+00:00,BBY,0.4790407970179173,0.4790407970179173,20,0.0
1998-11-11 14:49:00+00:00,BBY,0.45763642439872043,0.45763642439872043,20,0.0
1998-11-11 14:50:00+00:00,BBY,0.46146394738595375,0.46146394738595375,20,0.0
1998-11-11 14:51:00+00:00,BBY,0.4840834873977194,0.4840834873977194,20,0.0
1998-11-11 14:52:00+00:00,BBY,0.5166708331908413,0.5166708331908413,20,0.0
1998-11-11 14:53:00+00:00,BBY,0.46957890010305037,0.46957890010305037,20,0.0
1998-11-11 14:54:00+00:00,BBY,0.46967084068808396,0.46967084068808396,20,0.0
1998-11-11 14:55:00+00:00,BBY,0.46960314265486225,0.46960314265486225,20,0.0
1998-11-11 14:56:00+00:00,BBY,0.461660828208208,0.461660828208208,20,0.0
1998-11-11 14:57:00+00:00,BBY,0.4707047890500613,0.4707047890500613,20,0.0
1998-11-11 14:58:00+00:00,BBY,0.47082036704466035,0.47082036704466035,20,0.0
1998-11-11 14:59:00+00:00,BBY,0.47060456091692254,0.47060456091692254,20,0.0
1998-11-11 15:00:00+00:00,BBY,0.4657200102335674,0.4657200102335674,20,0.0
1998-11-11 15:01:00+00:00,BBY,0.46521398598952185,0.46521398598952185,20,0.0
1998-11-11 15:02:00+00:00,BBY,0.45680563797863727,0.45680563797863727,20,0.0
1998-11-11 15:03:00+00:00,BBY,0.46574254851068936,0.46574254851068936,20,0.0
1998-11-11 15:04:00+00:00,BBY,0.4662251164822519,0.4662251164822519,20,0.0
1998-11-11 15:05:00+00:00,BBY,0.48160189953740795,0.48160189953740795,20,0.0
1998-11-11 15:06:00+00:00,BBY,0.4821992006968185,0.4821992006968185,20,0.0
1998-11-11 15:07:00+00:00,BBY,0.47494299706313803,0.47494299706313803,20,0.0
1998-11-11 15:08:00+00:00,BBY,0.4761072936181436,0.4761072936181436,20,0.0
1998-11-11 15:09:00+00:00,BBY,0.47274461127563155,0.47274461127563155,20,0.0
1998-11-11 15:10:00+00:00,BBY,0.45913806220195014,0.45913806220195014,20,0.0
1998-11-11 15:11:00+00:00,BBY,0.45823092353821626,0.45823092353821626,20,0.0
1998-11-11 15:12:00+00:00,BBY,0.4602339032704792,0.4602339032704792,20,0.0
1998-11-11 15:13:00+00:00,BBY,0.46296188082803097,0.46296188082803097,20,0.0
1998-11-11 15:15:00+00:00,BBY,0.43889026165231837,0.43889026165231837,20,0.0
1998-11-11 15:16:00+00:00,BBY,0.47477031830725597,0.47477031830725597,20,0.0
1998-11-11 15:17:00+00:00,BBY,0.4760308598698663,0.4760308598698663,20,0.0
1998-11-11 15:18:00+00:00,BBY,0.46175619645355215,0.46175619645355215,20,0.0
1998-11-11 15:19:00+00:00,BBY,0.47894044308619454,0.47894044308619454,20,0.0
1998-11-11 15:20:00+00:00,BBY,0.4686136211084123,0.4686136211084123,20,0.0
1998-11-11 15:21:00+00:00,BBY,0.4688562523185755,0.4688562523185755,20,0.0
1998-11-11 15:22:00+00:00,BBY,0.4713612611547017,0.4713612611547017,20,0.0
1998-11-11 15:23:00+00:00,BBY,0.4751881609325401,0.4751881609325401,20,0.0
1998-11-11 15:24:00+00:00,BBY,0.4681888023394462,0.4681888023394462,20,0.0
1998-11-11 15:25:00+00:00,BBY,0.471483423355957,0.471483423355957,20,0.0
1998-11-11 15:26:00+00:00,BBY,0.5129481671499816,0.5129481671499816,20,0.0
1998-11-11 15:27:00+00:00,BBY,0.47257708189779885,0.47257708189779885,20,0.0
1998-11-11 15:28:00+00:00,BBY,0.5253704423179114,0.5253704423179114,20,0.0
1998-11-11 15:29:00+00:00,BBY,0.5230037385688153,0.5230037385688153,20,0.0
1998-11-11 15:30:00+00:00,BBY,0.5254186776280313,0.5254186776280313,20,0.0
1998-11-11 15:31:00+00:00,BBY,0.5255647646052723,0.5255647646052723,20,0.0
1998-11-11 15:32:00+00:00,BBY,0.5399625316547833,0.5399625316547833,20,0.0
1998-11-11 15:33:00+00:00,BBY,0.5198907886955974,0.5198907886955974,20,0.0
1998-11-11 15:34:00+00:00,BBY,0.4768255660403622,0.4768255660403622,20,0.0
1998-11-11 15:35:00+00:00,BBY,0.4833634073184482,0.4833634073184482,20,0.0
1998-11-11 15:36:00+00:00,BBY,0.476071101856058,0.476071101856058,20,0.0
1998-11-11 15:37:00+00:00,BBY,0.47586972661770044,0.47586972661770044,20,0.0
1998-11-11 15:38:00+00:00,BBY,0.4686656426303538,0.4686656426303538,20,0.0
1998-11-11 15:39:00+00:00,BBY,0.47324427343927183,0.47324427343927183,20,0.0
1998-11-11 15:40:00+00:00,BBY,0.4253714516024324,0.4253714516024324,20,0.0
1998-11-11 15:41:00+00:00,BBY,0.4257664461793037,0.4257664461793037,20,0.0
1998-11-11 15:42:00+00:00,BBY,0.44898614420958916,0.44898614420958916,20,0.0
1998-11-11 15:43:00+00:00,BBY,0.46471774248444053,0.46471774248444053,20,0.0
1998-11-11 15:44:00+00:00,BBY,0.4254349085497911,0.4254349085497911,20,0.0
1998-11-11 15:45:00+00:00,BBY,0.5227281722133154,0.5227281722133154,20,0.0
1998-11-11 15:46:00+00:00,BBY,0.5254490623835859,0.5254490623835859,20,0.0
1998-11-11 15:47:00+00:00,BBY,0.517843708088049,0.517843708088049,20,0.0
1998-11-11 15:48:00+00:00,BBY,0.48966104061830534,0.48966104061830534,20,0.0
1998-11-11 15:49:00+00:00,BBY,0.5091131632173143,0.5091131632173143,20,0.0
1998-11-11 15:50:00+00:00,BBY,0.5214790860283989,0.5214790860283989,20,0.0
1998-11-11 15:51:00+00:00,BBY,0.5098700857371056,0.5098700857371056,20,0.0
1998-11-11 15:52:00+00:00,BBY,0.5117645786606411,0.5117645786606411,20,0.0
1998-11-11 15:53:00+00:00,BBY,0.5122926440576638,0.5122926440576638,20,0.0
1998-11-11 15:54:00+00:00,BBY,0.5115670804124018,0.5115670804124018,20,0.0
1998-11-11 15:55:00+00:00,BBY,0.5070494975863575,0.5070494975863575,20,0.0
1998-11-11 15:56:00+00:00,BBY,0.5129207342567891,0.5129207342567891,20,0.0
1998-11-11 15:57:00+00:00,BBY,0.51277158927634,0.51277158927634,20,0.0
1998-11-11 15:58:00+00:00,BBY,0.5113645190627891,0.5113645190627891,20,0.0
1998-11-11 15:59:00+00:00,BBY,0.4717163936075876,0.4717163936075876,20,0.0
1998-11-12 09:30:00+00:00,BBY,0.5562040365079446,0.5562040365079446,20,113.3467938805322
1998-11-12 09:31:00+00:00,BBY,0.5610068829220152,0.5610068829220152,20,198.77707011778517
1998-11-12 09:32:00+00:00,BBY,0.6074755292734682,0.6074755292734682,20,1029.0684486298462
1998-11-12 09:33:00+00:00,BBY,0.5829955891679638,0.5829955891679638,20,592.454853085079
1998-11-12 09:34:00+00:00,BBY,0.5868743004237961,0.5868743004237961,20,662.0993530070475
1998-11-12 09:35:00+00:00,BBY,0.5820530353403175,0.5820530353403175,20,578.0216634019414
1998-11-12 09:36:00+00:00,BBY,0.5605389477740788,0.5605389477740788,20,190.3264689465951
1998-11-12 09:37:00+00:00,BBY,0.5604009444189579,0.5604009444189579,20,187.29304375782675
1998-11-12 09:38:00+00:00,BBY,0.5500464003177967,0.5500464003177967,20,1.0
1998-11-12 09:39:00+00:00,BBY,0.5661587960297562,0.5661587960297562,20,290.9764700173389
1998-11-12 09:40:00+00:00,BBY,0.5627064937689049,0.5627064937689049,20,228.8097885736512
1998-11-12 09:41:00+00:00,BBY,0.556850339621771,0.556850339621771,20,123.53415709318766
1998-11-12 09:42:00+00:00,BBY,0.5372343274102291,0.5372343274102291,20,0.0
1998-11-12 09:43:00+00:00,BBY,0.5520706127139668,0.5520706127139668,20,37.23253174809665
1998-11-12 09:44:00+00:00,BBY,0.5407093710455115,0.5407093710455115,20,0.0
1998-11-12 09:45:00+00:00,BBY,0.5445508012995441,0.5445508012995441,20,0.0
1998-11-12 09:46:00+00:00,BBY,0.5296414696722898,0.5296414696722898,20,0.0
1998-11-12 09:47:00+00:00,BBY,0.5260591755098848,0.5260591755098848,20,0.0
1998-11-12 09:48:00+00:00,BBY,0.5306984135313925,0.5306984135313925,20,0.0
1998-11-12 09:49:00+00:00,BBY,0.4786778051832715,0.4786778051832715,20,0.0
1998-11-12 09:50:00+00:00,BBY,0.5060225091738516,0.5060225091738516,20,0.0
1998-11-12 09:51:00+00:00,BBY,0.505808481216496,0.505808481216496,20,0.0
1998-11-12 09:52:00+00:00,BBY,0.5116577544483236,0.5116577544483236,20,0.0
1998-11-12 09:53:00+00:00,BBY,0.48310692078720496,0.48310692078720496,20,0.0
1998-11-12 09:54:00+00:00,BBY,0.47379422505473645,0.47379422505473645,20,0.0
1998-11-12 09:55:00+00:00,BBY,0.520382880719292,0.520382880719292,20,0.0
1998-11-12 09:56:00+00:00,BBY,0.5087945635416606,0.5087945635416606,20,0.0
1998-11-12 09:57:00+00:00,BBY,0.48969381630611314,0.48969381630611314,20,0.0
1998-11-12 09:58:00+00:00,BBY,0.4891767917115808,0.4891767917115808,20,0.0
1998-11-12 09:59:00+00:00,BBY,0.5088945473249138,0.5088945473249138,20,0.0
1998-11-12 10:00:00+00:00,BBY,0.45901122703817027,0.45901122703817027,20,0.0
1998-11-12 10:01:00+00:00,BBY,0.45788122607513004,0.45788122607513004,20,0.0
1998-11-12 10:02:00+00:00,BBY,0.435747330147944,0.435747330147944,20,0.0
1998-11-12 10:03:00+00:00,BBY,0.43589469420763616,0.43589469420763616,20,0.0
1998-11-12 10:04:00+00:00,BBY,0.42923689718007674,0.42923689718007674,20,0.0
1998-11-12 10:05:00+00:00,BBY,0.4344858808482667,0.4344858808482667,20,0.0
1998-11-12 10:06:00+00:00,BBY,0.4353101064709499,0.4353101064709499,20,0.0
1998-11-12 10:07:00+00:00,BBY,0.45383164255582403,0.45383164255582403,20,0.0
1998-11-12 10:08:00+00:00,BBY,0.47853643364455295,0.47853643364455295,20,0.0
1998-11-12 10:09:00+00:00,BBY,0.48031239930572633,0.48031239930572633,20,0.0
1998-11-12 10:10:00+00:00,BBY,0.5249639013627332,0.5249639013627332,20,0.0
1998-11-12 10:11:00+00:00,BBY,0.520952082091952,0.520952082091952,20,0.0
1998-11-12 10:12:00+00:00,BBY,0.5266243482245787,0.5266243482245787,20,0.0
1998-11-12 10:13:00+00:00,BBY,0.5267880938660082,0.5267880938660082,20,0.0
1998-11-12 10:14:00+00:00,BBY,0.5265916086658846,0.5265916086658846,20,0.0
1998-11-12 10:15:00+00:00,BBY,0.5145760749535385,0.5145760749535385,20,0.0
1998-11-12 10:16:00+00:00,BBY,0.5087146754535407,0.5087146754535407,20,0.0
1998-11-12 10:17:00+00:00,BBY,0.5089348588136406,0.5089348588136406,20,0.0
1998-11-12 10:18:00+00:00,BBY,0.5085694557648733,0.5085694557648733,20,0.0
1998-11-12 10:19:00+00:00,BBY,0.5088431678024242,0.5088431678024242,20,0.0
1998-11-12 10:20:00+00:00,BBY,0.4598822576227466,0.4598822576227466,20,0.0
1998-11-12 10:21:00+00:00,BBY,0.46064829452253403,0.46064829452253403,20,0.0
1998-11-12 10:22:00+00:00,BBY,0.46242360577654035,0.46242360577654035,20,0.0
1998-11-12 10:23:00+00:00,BBY,0.45971474933223727,0.45971474933223727,20,0.0
1998-11-12 10:24:00+00:00,BBY,0.4686577079665718,0.4686577079665718,20,0.0
1998-11-12 10:25:00+00:00,BBY,0.4692345682029743,0.4692345682029743,20,0.0
1998-11-12 10:26:00+00:00,BBY,0.47200334890193374,0.47200334890193374,20,0.0
1998-11-12 10:27:00+00:00,BBY,0.4705590760708226,0.4705590760708226,20,0.0
1998-11-12 10:28:00+00:00,BBY,0.4827255293144449,0.4827255293144449,20,0.0
1998-11-12 10:30:00+00:00,BBY,0.47474434936651033,0.47474434936651033,20,0.0
1998-11-12 10:31:00+00:00,BBY,0.46807966866977946,0.46807966866977946,20,0.0
1998-11-12 10:32:00+00:00,BBY,0.4646075038999922,0.4646075038999922,20,0.0
1998-11-12 10:33:00+00:00,BBY,0.4692558945369209,0.4692558945369209,20,0.0
1998-11-12 10:34:00+00:00,BBY,0.4778696099901991,0.4778696099901991,20,0.0
1998-11-12 10:35:00+00:00,BBY,0.4697396374919786,0.4697396374919786,20,0.0
1998-11-12 10:36:00+00:00,BBY,0.47074853779924086,0.47074853779924086,20,0.0
1998-11-12 10:37:00+00:00,BBY,0.47054883491908345,0.47054883491908345,20,0.0
1998-11-12 10:38:00+00:00,BBY,0.48165484126714836,0.48165484126714836,20,0.0
1998-11-12 10:39:00+00:00,BBY,0.5303970569431045,0.5303970569431045,20,0.0
1998-11-12 10:40:00+00:00,BBY,0.5300287702377866,0.5300287702377866,20,0.0
1998-11-12 10:41:00+00:00,BBY,0.5292488005028428,0.5292488005028428,20,0.0
1998-11-12 10:42:00+00:00,BBY,0.48720315591001956,0.48720315591001956,20,0.0
1998-11-12 10:43:00+00:00,BBY,0.48621174717560706,0.48621174717560706,20,0.0
1998-11-12 10:44:00+00:00,BBY,0.48818905518258654,0.48818905518258654,20,0.0
1998-11-12 10:45:00+00:00,BBY,0.5036650218561057,0.5036650218561057,20,0.0
1998-11-12 10:46:00+00:00,BBY,0.5035806343328734,0.5035806343328734,20,0.0
1998-11-12 10:48:00+00:00,BBY,0.5137185189414281,0.5137185189414281,20,0.0
1998-11-12 10:49:00+00:00,BBY,0.509929718271558,0.509929718271558,20,0.0
1998-11-12 10:50:00+00:00,BBY,0.5068871897833459,0.5068871897833459,20,0.0
1998-11-12 10:51:00+00:00,BBY,0.48233002367161415,0.48233002367161415,20,0.0
1998-11-12 10:52:00+00:00,BBY,0.5288836021782594,0.5288836021782594,20,0.0
1998-11-12 10:53:00+00:00,BBY,0.5276121199083759,0.5276121199083759,20,0.0
1998-11-12 10:54:00+00:00,BBY,0.5387696037883435,0.5387696037883435,20,0.0
1998-11-12 10:55:00+00:00,BBY,0.5084451426713982,0.5084451426713982,20,0.0
1998-11-12 10:56:00+00:00,BBY,0.5148652443499273,0.5148652443499273,20,0.0
1998-11-12 10:57:00+00:00,BBY,0.5182805582826474,0.5182805582826474,20,0.0
1998-11-12 10:58:00+00:00,BBY,0.5112004883684839,0.5112004883684839,20,0.0
1998-11-12 10:59:00+00:00,BBY,0.5146122463185197,0.5146122463185197,20,0.0
1998-11-12 11:00:00+00:00,BBY,0.5340797282501608,0.5340797282501608,20,0.0
1998-11-12 11:01:00+00:00,BBY,0.5190009059301608,0.5190009059301608,20,0.0
1998-11-12 11:02:00+00:00,BBY,0.5061875753281297,0.5061875753281297,20,0.0
1998-11-12 11:03:00+00:00,BBY,0.510495688194836,0.510495688194836,20,0.0
1998-11-12 11:04:00+00:00,BBY,0.5066241386200909,0.5066241386200909,20,0.0
1998-11-12 11:05:00+00:00,BBY,0.47666580222218546,0.47666580222218546,20,0.0
1998-11-12 11:06:00+00:00,BBY,0.4757883838968537,0.4757883838968537,20,0.0
1998-11-12 11:07:00+00:00,BBY,0.47534412079842725,0.47534412079842725,20,0.0
1998-11-12 11:08:00+00:00,BBY,0.47414636836068347,0.47414636836068347,20,0.0
1998-11-12 11:09:00+00:00,BBY,0.4745616875399037,0.4745616875399037,20,0.0
1998-11-12 11:10:00+00:00,BBY,0.4711208803715201,0.4711208803715201,20,0.0
1998-11-12 11:11:00+00:00,BBY,0.469270468433363,0.469270468433363,20,0.0
1998-11-12 11:13:00+00:00,BBY,0.47512609526440197,0.47512609526440197,20,0.0
1998-11-12 11:14:00+00:00,BBY,0.47505277295191295,0.47505277295191295,20,0.0
1998-11-12 11:15:00+00:00,BBY,0.4623584417823676,0.4623584417823676,20,0.0
1998-11-12 11:16:00+00:00,BBY,0.47280263532590633,0.47280263532590633,20,0.0
1998-11-12 11:17:00+00:00,BBY,0.47105432100640043,0.47105432100640043,20,0.0
1998-11-12 11:18:00+00:00,BBY,0.47463168227081226,0.47463168227081226,20,0.0
1998-11-12 11:19:00+00:00,BBY,0.4608851671709313,0.4608851671709313,20,0.0
1998-11-12 11:20:00+00:00,BBY,0.46216147749639935,0.46216147749639935,20,0.0
1998-11-12 11:23:00+00:00,BBY,0.5043826893749062,0.5043826893749062,20,0.0
1998-11-12 11:24:00+00:00,BBY,0.5055362369394505,0.5055362369394505,20,0.0
1998-11-12 11:25:00+00:00,BBY,0.5028904281261249,0.5028904281261249,20,0.0
1998-11-12 11:26:00+00:00,BBY,0.4821215199861494,0.4821215199861494,20,0.0
1998-11-12 11:27:00+00:00,BBY,0.4780093838738747,0.4780093838738747,20,0.0
1998-11-12 11:28:00+00:00,BBY,0.47376932431998064,0.47376932431998064,20,0.0
1998-11-12 11:29:00+00:00,BBY,0.478707290191972,0.478707290191972,20,0.0
1998-11-12 11:30:00+00:00,BBY,0.47150197073402705,0.47150197073402705,20,0.0
1998-11-12 11:31:00+00:00,BBY,0.47243449861413445,0.47243449861413445,20,0.0
1998-11-12 11:32:00+00:00,BBY,0.4709637695608819,0.4709637695608819,20,0.0
1998-11-12 11:33:00+00:00,BBY,0.47157154485194047,0.47157154485194047,20,0.0
1998-11-12 11:34:00+00:00,BBY,0.47376736079981585,0.47376736079981585,20,0.0
1998-11-12 11:35:00+00:00,BBY,0.4741163670422947,0.4741163670422947,20,0.0
1998-11-12 11:36:00+00:00,BBY,0.47855308942930586,0.47855308942930586,20,0.0
1998-11-12 11:37:00+00:00,BBY,0.4687408462503409,0.4687408462503409,20,0.0
1998-11-12 11:38:00+00:00,BBY,0.4695442454566551,0.4695442454566551,20,0.0
1998-11-12 11:39:00+00:00,BBY,0.46850791361965316,0.46850791361965316,20,0.0
1998-11-12 11:40:00+00:00,BBY,0.47259357438615984,0.47259357438615984,20,0.0
1998-11-12 11:42:00+00:00,BBY,0.4815012070516052,0.4815012070516052,20,0.0
1998-11-12 11:44:00+00:00,BBY,0.4847216679469791,0.4847216679469791,20,0.0
1998-11-12 11:45:00+00:00,BBY,0.5038477023700751,0.5038477023700751,20,0.0
1998-11-12 11:46:00+00:00,BBY,0.5037364284704784,0.5037364284704784,20,0.0
1998-11-12 11:47:00+00:00,BBY,0.5039678841025165,0.5039678841025165,20,0.0
1998-11-12 11:48:00+00:00,BBY,0.5138665337091779,0.5138665337091779,20,0.0
1998-11-12 11:49:00+00:00,BBY,0.483611249904353,0.483611249904353,20,0.0
1998-11-12 11:50:00+00:00,BBY,0.48342221911463873,0.48342221911463873,20,0.0
1998-11-12 11:51:00+00:00,BBY,0.5068718631517932,0.5068718631517932,20,0.0
1998-11-12 11:52:00+00:00,BBY,0.5067973986371906,0.5067973986371906,20,0.0
1998-11-12 11:53:00+00:00,BBY,0.5066639306184526,0.5066639306184526,20,0.0
1998-11-12 11:54:00+00:00,BBY,0.486616588871066,0.486616588871066,20,0.0
1998-11-12 11:56:00+00:00,BBY,0.48579689683476324,0.48579689683476324,20,0.0
1998-11-12 11:58:00+00:00,BBY,0.5065315532732929,0.5065315532732929,20,0.0
1998-11-12 11:59:00+00:00,BBY,0.5065174595470356,0.5065174595470356,20,0.0
1998-11-12 12:01:00+00:00,BBY,0.48503395846258457,0.48503395846258457,20,0.0
1998-11-12 12:02:00+00:00,BBY,0.4858017305017355,0.4858017305017355,20,0.0
1998-11-12 12:03:00+00:00,BBY,0.4864391988730339,0.4864391988730339,20,0.0
1998-11-12 12:04:00+00:00,BBY,0.5062787112418469,0.5062787112418469,20,0.0
1998-11-12 12:05:00+00:00,BBY,0.5063201879988835,0.5063201879988835,20,0.0
1998-11-12 12:06:00+00:00,BBY,0.49092520434035886,0.49092520434035886,20,0.0
1998-11-12 12:07:00+00:00,BBY,0.5036795597528163,0.5036795597528163,20,0.0
1998-11-12 12:08:00+00:00,BBY,0.5033224387117494,0.5033224387117494,20,0.0
1998-11-12 12:10:00+00:00,BBY,0.503229125647356,0.503229125647356,20,0.0
1998-11-12 12:12:00+00:00,BBY,0.5031899517556585,0.5031899517556585,20,0.0
1998-11-12 12:14:00+00:00,BBY,0.4795128390155295,0.4795128390155295,20,0.0
1998-11-12 12:15:00+00:00,BBY,0.48163846710024105,0.48163846710024105,20,0.0
1998-11-12 12:16:00+00:00,BBY,0.4963005931302363,0.4963005931302363,20,0.0
1998-11-12 12:17:00+00:00,BBY,0.4978795295643354,0.4978795295643354,20,0.0
1998-11-12 12:20:00+00:00,BBY,0.4974192959261298,0.4974192959261298,20,0.0
1998-11-12 12:21:00+00:00,BBY,0.5035733852884666,0.5035733852884666,20,0.0
1998-11-12 12:22:00+00:00,BBY,0.4979884254797682,0.4979884254797682,20,0.0
1998-11-12 12:23:00+00:00,BBY,0.49707489079348416,0.49707489079348416,20,0.0
1998-11-12 12:24:00+00:00,BBY,0.4984009748912816,0.4984009748912816,20,0.0
1998-11-12 12:25:00+00:00,BBY,0.5006681023511435,0.5006681023511435,20,0.0
1998-11-12 12:28:00+00:00,BBY,0.49855436403528847,0.49855436403528847,20,0.0
1998-11-12 12:29:00+00:00,BBY,0.4991795455886854,0.4991795455886854,20,0.0
1998-11-12 12:30:00+00:00,BBY,0.49703849096256925,0.49703849096256925,20,0.0
1998-11-12 12:32:00+00:00,BBY,0.49397900696546576,0.49397900696546576,20,0.0
1998-11-12 12:33:00+00:00,BBY,0.49700121993386426,0.49700121993386426,20,0.0
1998-11-12 12:34:00+00:00,BBY,0.4784146219309706,0.4784146219309706,20,0.0
1998-11-12 12:35:00+00:00,BBY,0.4783981490278826,0.4783981490278826,20,0.0
1998-11-12 12:36:00+00:00,BBY,0.4935657172476148,0.4935657172476148,20,0.0
1998-11-12 12:38:00+00:00,BBY,0.47808888736716093,0.47808888736716093,20,0.0
1998-11-12 12:40:00+00:00,BBY,0.49360575652471245,0.49360575652471245,20,0.0
1998-11-12 12:41:00+00:00,BBY,0.4755874652829233,0.4755874652829233,20,0.0
1998-11-12 12:42:00+00:00,BBY,0.5035637496487864,0.5035637496487864,20,0.0
1998-11-12 12:44:00+00:00,BBY,0.4768015897265604,0.4768015897265604,20,0.0
1998-11-12 12:45:00+00:00,BBY,0.47707826130952413,0.47707826130952413,20,0.0
1998-11-12 12:48:00+00:00,BBY,0.46568852393743365,0.46568852393743365,20,0.0
1998-11-12 12:49:00+00:00,BBY,0.4700215291738534,0.4700215291738534,20,0.0
1998-11-12 12:50:00+00:00,BBY,0.4778283440399152,0.4778283440399152,20,0.0
1998-11-12 12:52:00+00:00,BBY,0.4634208088850968,0.4634208088850968,20,0.0
1998-11-12 12:53:00+00:00,BBY,0.4644611721462468,0.4644611721462468,20,0.0
1998-11-12 12:54:00+00:00,BBY,0.4499933518698445,0.4499933518698445,20,0.0
1998-11-12 12:55:00+00:00,BBY,0.46297667419573246,0.46297667419573246,20,0.0
1998-11-12 12:56:00+00:00,BBY,0.4767814290556555,0.4767814290556555,20,0.0
1998-11-12 12:59:00+00:00,BBY,0.4757397342517472,0.4757397342517472,20,0.0
1998-11-12 13:01:00+00:00,BBY,0.4641466259533051,0.4641466259533051,20,0.0
1998-11-12 13:02:00+00:00,BBY,0.4654861610512623,0.4654861610512623,20,0.0
1998-11-12 13:03:00+00:00,BBY,0.47886630579983763,0.47886630579983763,20,0.0
1998-11-12 13:04:00+00:00,BBY,0.4755393488752134,0.4755393488752134,20,0.0
1998-11-12 13:05:00+00:00,BBY,0.4799520216600075,0.4799520216600075,20,0.0
1998-11-12 13:06:00+00:00,BBY,0.4800045779229036,0.4800045779229036,20,0.0
1998-11-12 13:07:00+00:00,BBY,0.47791353557715005,0.47791353557715005,20,0.0
1998-11-12 13:08:00+00:00,BBY,0.47524079686169834,0.47524079686169834,20,0.0
1998-11-12 13:09:00+00:00,BBY,0.4670239869064624,0.4670239869064624,20,0.0
1998-11-12 13:10:00+00:00,BBY,0.4667625685804814,0.4667625685804814,20,0.0
1998-11-12 13:12:00+00:00,BBY,0.4616940392082085,0.4616940392082085,20,0.0
1998-11-12 13:13:00+00:00,BBY,0.46291313259601546,0.46291313259601546,20,0.0
1998-11-12 13:14:00+00:00,BBY,0.46288908366113946,0.46288908366113946,20,0.0
1998-11-12 13:16:00+00:00,BBY,0.4655651959705126,0.4655651959705126,20,0.0
1998-11-12 13:17:00+00:00,BBY,0.4650842135188027,0.4650842135188027,20,0.0
1998-11-12 13:18:00+00:00,BBY,0.4656524322579205,0.4656524322579205,20,0.0
1998-11-12 13:21:00+00:00,BBY,0.4667223683711191,0.4667223683711191,20,0.0
1998-11-12 13:22:00+00:00,BBY,0.46282327687993047,0.46282327687993047,20,0.0
1998-11-12 13:23:00+00:00,BBY,0.4692999476483856,0.4692999476483856,20,0.0
1998-11-12 13:30:00+00:00,BBY,0.48769032577552623,0.48769032577552623,20,0.0
1998-11-12 13:31:00+00:00,BBY,0.4643142504028651,0.4643142504028651,20,0.0
1998-11-12 13:32:00+00:00,BBY,0.46135316003881943,0.46135316003881943,20,0.0
1998-11-12 13:33:00+00:00,BBY,0.4606827018709678,0.4606827018709678,20,0.0
1998-11-12 13:34:00+00:00,BBY,0.4611474643784784,0.4611474643784784,20,0.0
1998-11-12 13:35:00+00:00,BBY,0.4606387943260404,0.4606387943260404,20,0.0
1998-11-12 13:36:00+00:00,BBY,0.4870812442327363,0.4870812442327363,20,0.0
1998-11-12 13:37:00+00:00,BBY,0.4618418923670389,0.4618418923670389,20,0.0
1998-11-12 13:38:00+00:00,BBY,0.48432382813733493,0.48432382813733493,20,0.0
1998-11-12 13:40:00+00:00,BBY,0.5061803156730765,0.5061803156730765,20,0.0
1998-11-12 13:41:00+00:00,BBY,0.5061272325160611,0.5061272325160611,20,0.0
1998-11-12 13:42:00+00:00,BBY,0.49591919992017636,0.49591919992017636,20,0.0
1998-11-12 13:43:00+00:00,BBY,0.49927872310827787,0.49927872310827787,20,0.0
1998-11-12 13:44:00+00:00,BBY,0.4996179673987902,0.4996179673987902,20,0.0
1998-11-12 13:45:00+00:00,BBY,0.5007047459213859,0.5007047459213859,20,0.0
1998-11-12 13:49:00+00:00,BBY,0.49739001751069106,0.49739001751069106,20,0.0
1998-11-12 13:57:00+00:00,BBY,0.4956482003232656,0.4956482003232656,20,0.0
1998-11-12 13:58:00+00:00,BBY,0.5082268356239034,0.5082268356239034,20,0.0
1998-11-12 13:59:00+00:00,BBY,0.5060696900682384,0.5060696900682384,20,0.0
1998-11-12 14:00:00+00:00,BBY,0.5063402577250381,0.5063402577250381,20,0.0
1998-11-12 14:01:00+00:00,BBY,0.5062397214917662,0.5062397214917662,20,0.0
1998-11-12 14:05:00+00:00,BBY,0.4871133447445025,0.4871133447445025,20,0.0
1998-11-12 14:06:00+00:00,BBY,0.48706682621441255,0.48706682621441255,20,0.0
1998-11-12 14:07:00+00:00,BBY,0.46835954540085034,0.46835954540085034,20,0.0
1998-11-12 14:08:00+00:00,BBY,0.46886612501078123,0.46886612501078123,20,0.0
1998-11-12 14:10:00+00:00,BBY,0.5074076077976329,0.5074076077976329,20,0.0
1998-11-12 14:11:00+00:00,BBY,0.5073659730907224,0.5073659730907224,20,0.0
1998-11-12 14:12:00+00:00,BBY,0.5075830869200234,0.5075830869200234,20,0.0
1998-11-12 14:19:00+00:00,BBY,0.4865988361929232,0.4865988361929232,20,0.0
1998-11-12 14:20:00+00:00,BBY,0.5214514863682831,0.5214514863682831,20,0.0
1998-11-12 14:21:00+00:00,BBY,0.5252496462402882,0.5252496462402882,20,0.0
1998-11-12 14:23:00+00:00,BBY,0.4894182099618862,0.4894182099618862,20,0.0
1998-11-12 14:24:00+00:00,BBY,0.5062456440084235,0.5062456440084235,20,0.0
1998-11-12 14:25:00+00:00,BBY,0.4842700159913161,0.4842700159913161,20,0.0
1998-11-12 14:26:00+00:00,BBY,0.4780034428607344,0.4780034428607344,20,0.0
1998-11-12 14:32:00+00:00,BBY,0.49556333015534976,0.49556333015534976,20,0.0
1998-11-12 14:33:00+00:00,BBY,0.47847202648378717,0.47847202648378717,20,0.0
1998-11-12 14:34:00+00:00,BBY,0.4989352445625217,0.4989352445625217,20,0.0
1998-11-12 14:38:00+00:00,BBY,0.49815493313914466,0.49815493313914466,20,0.0
1998-11-12 14:39:00+00:00,BBY,0.49905481509092015,0.49905481509092015,20,0.0
1998-11-12 14:41:00+00:00,BBY,0.5020255238344248,0.5020255238344248,20,0.0
1998-11-12 14:43:00+00:00,BBY,0.499463596985147,0.499463596985147,20,0.0
1998-11-12 14:44:00+00:00,BBY,0.4994341867628461,0.4994341867628461,20,0.0
1998-11-12 14:45:00+00:00,BBY,0.5041510480873829,0.5041510480873829,20,0.0
1998-11-12 14:47:00+00:00,BBY,0.5018891694346611,0.5018891694346611,20,0.0
1998-11-12 14:48:00+00:00,BBY,0.5026004245809803,0.5026004245809803,20,0.0
1998-11-12 14:49:00+00:00,BBY,0.5238036006185226,0.5238036006185226,20,0.0
1998-11-12 14:50:00+00:00,BBY,0.5020119409198608,0.5020119409198608,20,0.0
1998-11-12 14:51:00+00:00,BBY,0.4991970284256571,0.4991970284256571,20,0.0
1998-11-12 14:52:00+00:00,BBY,0.4788917433458915,0.4788917433458915,20,0.0
1998-11-12 14:53:00+00:00,BBY,0.4785626056114316,0.4785626056114316,20,0.0
1998-11-12 14:54:00+00:00,BBY,0.4788691735914175,0.4788691735914175,20,0.0
1998-11-12 14:55:00+00:00,BBY,0.4778408076520149,0.4778408076520149,20,0.0
1998-11-12 14:56:00+00:00,BBY,0.47830029850910716,0.47830029850910716,20,0.0
1998-11-12 14:57:00+00:00,BBY,0.47839119750767667,0.47839119750767667,20,0.0
1998-11-12 14:58:00+00:00,BBY,0.4876535910092447,0.4876535910092447,20,0.0
1998-11-12 15:00:00+00:00,BBY,0.5035491927151431,0.5035491927151431,20,0.0
1998-11-12 15:02:00+00:00,BBY,0.5035065489709777,0.5035065489709777,20,0.0
1998-11-12 15:03:00+00:00,BBY,0.4787385208509664,0.4787385208509664,20,0.0
1998-11-12 15:04:00+00:00,BBY,0.48602605172981594,0.48602605172981594,20,0.0
1998-11-12 15:06:00+00:00,BBY,0.5319988589324984,0.5319988589324984,20,0.0
1998-11-12 15:07:00+00:00,BBY,0.5321399746153382,0.5321399746153382,20,0.0
1998-11-12 15:08:00+00:00,BBY,0.5324511514896872,0.5324511514896872,20,0.0
1998-11-12 15:09:00+00:00,BBY,0.5321070171128993,0.5321070171128993,20,0.0
1998-11-12 15:10:00+00:00,BBY,0.5293727289934194,0.5293727289934194,20,0.0
1998-11-12 15:11:00+00:00,BBY,0.5375190463088514,0.5375190463088514,20,0.0
1998-11-12 15:12:00+00:00,BBY,0.540871553252867,0.540871553252867,20,0.0
1998-11-12 15:13:00+00:00,BBY,0.5310328113681824,0.5310328113681824,20,0.0
1998-11-12 15:14:00+00:00,BBY,0.5255037649201183,0.5255037649201183,20,0.0
1998-11-12 15:15:00+00:00,BBY,0.5369085237244644,0.5369085237244644,20,0.0
1998-11-12 15:16:00+00:00,BBY,0.5186962555213032,0.5186962555213032,20,0.0
1998-11-12 15:17:00+00:00,BBY,0.5110163898306014,0.5110163898306014,20,0.0
1998-11-12 15:18:00+00:00,BBY,0.5060399761995996,0.5060399761995996,20,0.0
1998-11-12 15:19:00+00:00,BBY,0.5062043386115372,0.5062043386115372,20,0.0
1998-11-12 15:20:00+00:00,BBY,0.488027302697847,0.488027302697847,20,0.0
1998-11-12 15:21:00+00:00,BBY,0.4655654298690731,0.4655654298690731,20,0.0
1998-11-12 15:26:00+00:00,BBY,0.4718090120462626,0.4718090120462626,20,0.0
1998-11-12 15:27:00+00:00,BBY,0.48920579849311274,0.48920579849311274,20,0.0
1998-11-12 15:28:00+00:00,BBY,0.49551861901255917,0.49551861901255917,20,0.0
1998-11-12 15:29:00+00:00,BBY,0.49081843047959883,0.49081843047959883,20,0.0
1998-11-12 15:30:00+00:00,BBY,0.46653765199216335,0.46653765199216335,20,0.0
1998-11-12 15:31:00+00:00,BBY,0.4687878906766667,0.4687878906766667,20,0.0
1998-11-12 15:32:00+00:00,BBY,0.5169010354826418,0.5169010354826418,20,0.0
1998-11-12 15:33:00+00:00,BBY,0.5089836887001666,0.5089836887001666,20,0.0
1998-11-12 15:34:00+00:00,BBY,0.513222816574179,0.513222816574179,20,0.0
1998-11-12 15:35:00+00:00,BBY,0.5174681406355127,0.5174681406355127,20,0.0
1998-11-12 15:36:00+00:00,BBY,0.5265110022591987,0.5265110022591987,20,0.0
1998-11-12 15:37:00+00:00,BBY,0.5286496844689966,0.5286496844689966,20,0.0
1998-11-12 15:38:00+00:00,BBY,0.5280461129030292,0.5280461129030292,20,0.0
1998-11-12 15:39:00+00:00,BBY,0.5269662862508241,0.5269662862508241,20,0.0
1998-11-12 15:40:00+00:00,BBY,0.526744130292451,0.526744130292451,20,0.0
1998-11-12 15:41:00+00:00,BBY,0.4733998749310693,0.4733998749310693,20,0.0
1998-11-12 15:42:00+00:00,BBY,0.5171217485039974,0.5171217485039974,20,0.0
1998-11-12 15:43:00+00:00,BBY,0.4797313540038438,0.4797313540038438,20,0.0
1998-11-12 15:44:00+00:00,BBY,0.48213086794684246,0.48213086794684246,20,0.0
1998-11-12 15:45:00+00:00,BBY,0.506876443810474,0.506876443810474,20,0.0
1998-11-12 15:46:00+00:00,BBY,0.4768412953624209,0.4768412953624209,20,0.0
1998-11-12 15:47:00+00:00,BBY,0.4724594467893819,0.4724594467893819,20,0.0
1998-11-12 15:48:00+00:00,BBY,0.4793977608005508,0.4793977608005508,20,0.0
1998-11-12 15:49:00+00:00,BBY,0.4739508146592383,0.4739508146592383,20,0.0
1998-11-12 15:50:00+00:00,BBY,0.47356655980638074,0.47356655980638074,20,0.0
1998-11-12 15:51:00+00:00,BBY,0.4757534374651331,0.4757534374651331,20,0.0
1998-11-12 15:52:00+00:00,BBY,0.47590912235876837,0.47590912235876837,20,0.0
1998-11-12 15:53:00+00:00,BBY,0.4752760369949569,0.4752760369949569,20,0.0
1998-11-12 15:54:00+00:00,BBY,0.5136684989309335,0.5136684989309335,20,0.0
1998-11-12 15:55:00+00:00,BBY,0.4775945201281262,0.4775945201281262,20,0.0
1998-11-12 15:56:00+00:00,BBY,0.5067356421606033,0.5067356421606033,20,0.0
1998-11-12 15:57:00+00:00,BBY,0.5066805702554604,0.5066805702554604,20,0.0
1998-11-12 15:58:00+00:00,BBY,0.5069079539350968,0.5069079539350968,20,0.0
1998-11-12 15:59:00+00:00,BBY,0.503082846683137,0.503082846683137,20,0.0
1998-11-13 09:31:00+00:00,BBY,0.46515665057435374,0.46515665057435374,20,0.0
1998-11-13 09:32:00+00:00,BBY,0.47106343802922573,0.47106343802922573,20,0.0
1998-11-13 09:33:00+00:00,BBY,0.5041027478513774,0.5041027478513774,20,0.0
1998-11-13 09:35:00+00:00,BBY,0.5304141889461962,0.5304141889461962,20,0.0
1998-11-13 09:36:00+00:00,BBY,0.5303876837270449,0.5303876837270449,20,0.0
1998-11-13 09:37:00+00:00,BBY,0.5297741905799407,0.5297741905799407,20,0.0
1998-11-13 09:38:00+00:00,BBY,0.5299261320837461,0.5299261320837461,20,0.0
1998-11-13 09:39:00+00:00,BBY,0.5127102537727876,0.5127102537727876,20,0.0
1998-11-13 09:41:00+00:00,BBY,0.5130043854968134,0.5130043854968134,20,0.0
1998-11-13 09:42:00+00:00,BBY,0.46605545148574673,0.46605545148574673,20,0.0
1998-11-13 09:43:00+00:00,BBY,0.5083919371154378,0.5083919371154378,20,0.0
1998-11-13 09:45:00+00:00,BBY,0.5212565033749438,0.5212565033749438,20,0.0
1998-11-13 09:46:00+00:00,BBY,0.5211636121627774,0.5211636121627774,20,0.0
1998-11-13 09:47:00+00:00,BBY,0.4692275793794215,0.4692275793794215,20,0.0
1998-11-13 09:48:00+00:00,BBY,0.4687272507963101,0.4687272507963101,20,0.0
1998-11-13 09:49:00+00:00,BBY,0.47163595820732845,0.47163595820732845,20,0.0
1998-11-13 09:50:00+00:00,BBY,0.5223878471326647,0.5223878471326647,20,0.0
1998-11-13 09:51:00+00:00,BBY,0.5069740470764885,0.5069740470764885,20,0.0
1998-11-13 09:52:00+00:00,BBY,0.5102567792565843,0.5102567792565843,20,0.0
1998-11-13 09:53:00+00:00,BBY,0.5129948621396765,0.5129948621396765,20,0.0
1998-11-13 09:54:00+00:00,BBY,0.5104754924519185,0.5104754924519185,20,0.0
1998-11-13 09:55:00+00:00,BBY,0.5263017547660636,0.5263017547660636,20,0.0
1998-11-13 09:56:00+00:00,BBY,0.475661234478751,0.475661234478751,20,0.0
1998-11-13 09:57:00+00:00,BBY,0.4845760950260272,0.4845760950260272,20,0.0
1998-11-13 09:58:00+00:00,BBY,0.4489918372626263,0.4489918372626263,20,0.0
1998-11-13 09:59:00+00:00,BBY,0.4521090692771312,0.4521090692771312,20,0.0
1998-11-13 10:00:00+00:00,BBY,0.4668003248588105,0.4668003248588105,20,0.0
1998-11-13 10:01:00+00:00,BBY,0.47662490021923226,0.47662490021923226,20,0.0
1998-11-13 10:02:00+00:00,BBY,0.47320863530397433,0.47320863530397433,20,0.0
1998-11-13 10:03:00+00:00,BBY,0.4730209745833767,0.4730209745833767,20,0.0
1998-11-13 10:04:00+00:00,BBY,0.47454649934298127,0.47454649934298127,20,0.0
1998-11-13 10:05:00+00:00,BBY,0.4737536195105037,0.4737536195105037,20,0.0
1998-11-13 10:06:00+00:00,BBY,0.45846340313556233,0.45846340313556233,20,0.0
1998-11-13 10:07:00+00:00,BBY,0.5085777232824104,0.5085777232824104,20,0.0
1998-11-13 10:08:00+00:00,BBY,0.508486882160492,0.508486882160492,20,0.0
1998-11-13 10:09:00+00:00,BBY,0.4670861033017154,0.4670861033017154,20,0.0
1998-11-13 10:10:00+00:00,BBY,0.4712640383665546,0.4712640383665546,20,0.0
1998-11-13 10:11:00+00:00,BBY,0.47301641225590974,0.47301641225590974,20,0.0
1998-11-13 10:12:00+00:00,BBY,0.47558557975113247,0.47558557975113247,20,0.0
1998-11-13 10:13:00+00:00,BBY,0.47111443754036725,0.47111443754036725,20,0.0
1998-11-13 10:15:00+00:00,BBY,0.4781455256609704,0.4781455256609704,20,0.0
1998-11-13 10:16:00+00:00,BBY,0.47970623173649646,0.47970623173649646,20,0.0
1998-11-13 10:17:00+00:00,BBY,0.498683039691756,0.498683039691756,20,0.0
1998-11-13 10:18:00+00:00,BBY,0.50378457051162,0.50378457051162,20,0.0
1998-11-13 10:19:00+00:00,BBY,0.4838939306179051,0.4838939306179051,20,0.0
1998-11-13 10:20:00+00:00,BBY,0.5040122640961537,0.5040122640961537,20,0.0
1998-11-13 10:21:00+00:00,BBY,0.503854544506653,0.503854544506653,20,0.0
1998-11-13 10:22:00+00:00,BBY,0.5034720682086824,0.5034720682086824,20,0.0
1998-11-13 10:23:00+00:00,BBY,0.5037181895918127,0.5037181895918127,20,0.0
1998-11-13 10:24:00+00:00,BBY,0.4797919730557832,0.4797919730557832,20,0.0
1998-11-13 10:25:00+00:00,BBY,0.5033749876088977,0.5033749876088977,20,0.0
1998-11-13 10:26:00+00:00,BBY,0.503377177853006,0.503377177853006,20,0.0
1998-11-13 10:27:00+00:00,BBY,0.5040193150795144,0.5040193150795144,20,0.0
1998-11-13 10:28:00+00:00,BBY,0.503467637034657,0.503467637034657,20,0.0
1998-11-13 10:29:00+00:00,BBY,0.47688700607149265,0.47688700607149265,20,0.0
1998-11-13 10:30:00+00:00,BBY,0.4742051392717287,0.4742051392717287,20,0.0
1998-11-13 10:31:00+00:00,BBY,0.47146608232291365,0.47146608232291365,20,0.0
1998-11-13 10:32:00+00:00,BBY,0.4809591417168096,0.4809591417168096,20,0.0
1998-11-13 10:33:00+00:00,BBY,0.4830129214666124,0.4830129214666124,20,0.0
1998-11-13 10:34:00+00:00,BBY,0.5084027538789778,0.5084027538789778,20,0.0
1998-11-13 10:35:00+00:00,BBY,0.46392472981105687,0.46392472981105687,20,0.0
1998-11-13 10:36:00+00:00,BBY,0.46130353639802424,0.46130353639802424,20,0.0
1998-11-13 10:37:00+00:00,BBY,0.46426587940436165,0.46426587940436165,20,0.0
1998-11-13 10:38:00+00:00,BBY,0.46150283486453386,0.46150283486453386,20,0.0
1998-11-13 10:39:00+00:00,BBY,0.4595619861968713,0.4595619861968713,20,0.0
1998-11-13 10:40:00+00:00,BBY,0.4604706568232422,0.4604706568232422,20,0.0
1998-11-13 10:41:00+00:00,BBY,0.46293207914974055,0.46293207914974055,20,0.0
1998-11-13 10:42:00+00:00,BBY,0.46863741209025894,0.46863741209025894,20,0.0
1998-11-13 10:43:00+00:00,BBY,0.4662036694279076,0.4662036694279076,20,0.0
1998-11-13 10:46:00+00:00,BBY,0.47437806678919386,0.47437806678919386,20,0.0
1998-11-13 10:47:00+00:00,BBY,0.48050243276986504,0.48050243276986504,20,0.0
1998-11-13 10:48:00+00:00,BBY,0.48253828380253205,0.48253828380253205,20,0.0
1998-11-13 10:50:00+00:00,BBY,0.48215701187284926,0.48215701187284926,20,0.0
1998-11-13 10:51:00+00:00,BBY,0.5063590675536113,0.5063590675536113,20,0.0
1998-11-13 10:52:00+00:00,BBY,0.5038827778142653,0.5038827778142653,20,0.0
1998-11-13 10:53:00+00:00,BBY,0.503760114389505,0.503760114389505,20,0.0
1998-11-13 10:54:00+00:00,BBY,0.5129709979888897,0.5129709979888897,20,0.0
1998-11-13 10:55:00+00:00,BBY,0.5087070421664381,0.5087070421664381,20,0.0
1998-11-13 10:56:00+00:00,BBY,0.506610459833153,0.506610459833153,20,0.0
1998-11-13 10:57:00+00:00,BBY,0.5067610873281029,0.5067610873281029,20,0.0
1998-11-13 10:58:00+00:00,BBY,0.4878071537215243,0.4878071537215243,20,0.0
1998-11-13 10:59:00+00:00,BBY,0.48762463979037707,0.48762463979037707,20,0.0
1998-11-13 11:01:00+00:00,BBY,0.5066355355720288,0.5066355355720288,20,0.0
1998-11-13 11:04:00+00:00,BBY,0.48551192609834587,0.48551192609834587,20,0.0
1998-11-13 11:05:00+00:00,BBY,0.48592272505488177,0.48592272505488177,20,0.0
1998-11-13 11:09:00+00:00,BBY,0.48616774546568814,0.48616774546568814,20,0.0
1998-11-13 11:10:00+00:00,BBY,0.5169336018638595,0.5169336018638595,20,0.0
1998-11-13 11:11:00+00:00,BBY,0.46652050183838434,0.46652050183838434,20,0.0
1998-11-13 11:18:00+00:00,BBY,0.5179254350753123,0.5179254350753123,20,0.0
1998-11-13 11:19:00+00:00,BBY,0.4870446787530671,0.4870446787530671,20,0.0
1998-11-13 11:20:00+00:00,BBY,0.50673038524879,0.50673038524879,20,0.0
1998-11-13 11:21:00+00:00,BBY,0.5090198547523799,0.5090198547523799,20,0.0
1998-11-13 11:22:00+00:00,BBY,0.50321235381573,0.50321235381573,20,0.0
1998-11-13 11:23:00+00:00,BBY,0.4799908561752622,0.4799908561752622,20,0.0
1998-11-13 11:25:00+00:00,BBY,0.5032554425542061,0.5032554425542061,20,0.0
1998-11-13 11:26:00+00:00,BBY,0.5035490248361832,0.5035490248361832,20,0.0
1998-11-13 11:28:00+00:00,BBY,0.4860608873429924,0.4860608873429924,20,0.0
1998-11-13 11:29:00+00:00,BBY,0.4893487822278152,0.4893487822278152,20,0.0
1998-11-13 11:30:00+00:00,BBY,0.489957571986887,0.489957571986887,20,0.0
1998-11-13 11:31:00+00:00,BBY,0.48984360428801,0.48984360428801,20,0.0
1998-11-13 11:32:00+00:00,BBY,0.4900743142786989,0.4900743142786989,20,0.0
1998-11-13 11:33:00+00:00,BBY,0.4927631076679476,0.4927631076679476,20,0.0
1998-11-13 11:34:00+00:00,BBY,0.5035861766753247,0.5035861766753247,20,0.0
1998-11-13 11:35:00+00:00,BBY,0.503461517240532,0.503461517240532,20,0.0
1998-11-13 11:36:00+00:00,BBY,0.5037801100305325,0.5037801100305325,20,0.0
1998-11-13 11:37:00+00:00,BBY,0.5042094593893788,0.5042094593893788,20,0.0
1998-11-13 11:38:00+00:00,BBY,0.5041380935320571,0.5041380935320571,20,0.0
1998-11-13 11:39:00+00:00,BBY,0.5345101947103452,0.5345101947103452,20,0.0
1998-11-13 11:40:00+00:00,BBY,0.5099508510743301,0.5099508510743301,20,0.0
1998-11-13 11:41:00+00:00,BBY,0.5253663707489479,0.5253663707489479,20,0.0
1998-11-13 11:42:00+00:00,BBY,0.5305614328301191,0.5305614328301191,20,0.0
1998-11-13 11:43:00+00:00,BBY,0.5131996632263127,0.5131996632263127,20,0.0
1998-11-13 11:44:00+00:00,BBY,0.5090122305803099,0.5090122305803099,20,0.0
1998-11-13 11:45:00+00:00,BBY,0.48937403765136683,0.48937403765136683,20,0.0
1998-11-13 11:46:00+00:00,BBY,0.4741142860215535,0.4741142860215535,20,0.0
1998-11-13 11:48:00+00:00,BBY,0.49017330475317733,0.49017330475317733,20,0.0
1998-11-13 11:49:00+00:00,BBY,0.4708659249946321,0.4708659249946321,20,0.0
1998-11-13 11:50:00+00:00,BBY,0.4807974940110827,0.4807974940110827,20,0.0
1998-11-13 11:52:00+00:00,BBY,0.47919364169786755,0.47919364169786755,20,0.0
1998-11-13 11:53:00+00:00,BBY,0.47000428169351793,0.47000428169351793,20,0.0
1998-11-13 11:54:00+00:00,BBY,0.4672019230499618,0.4672019230499618,20,0.0
1998-11-13 11:55:00+00:00,BBY,0.4738607634117556,0.4738607634117556,20,0.0
1998-11-13 12:01:00+00:00,BBY,0.48605940534004766,0.48605940534004766,20,0.0
1998-11-13 12:03:00+00:00,BBY,0.4677170366128267,0.4677170366128267,20,0.0
1998-11-13 12:05:00+00:00,BBY,0.5040325233387435,0.5040325233387435,20,0.0
1998-11-13 12:06:00+00:00,BBY,0.491190879222457,0.491190879222457,20,0.0
1998-11-13 12:07:00+00:00,BBY,0.49028751200462545,0.49028751200462545,20,0.0
1998-11-13 12:08:00+00:00,BBY,0.5223345176038432,0.5223345176038432,20,0.0
1998-11-13 12:09:00+00:00,BBY,0.5067853683886737,0.5067853683886737,20,0.0
1998-11-13 12:10:00+00:00,BBY,0.5156951760432954,0.5156951760432954,20,0.0
1998-11-13 12:11:00+00:00,BBY,0.5062045214106383,0.5062045214106383,20,0.0
1998-11-13 12:14:00+00:00,BBY,0.5140918877062329,0.5140918877062329,20,0.0
1998-11-13 12:15:00+00:00,BBY,0.506408188149374,0.506408188149374,20,0.0
1998-11-13 12:17:00+00:00,BBY,0.5064014682069267,0.5064014682069267,20,0.0
1998-11-13 12:18:00+00:00,BBY,0.4918533338763865,0.4918533338763865,20,0.0
1998-11-13 12:19:00+00:00,BBY,0.4953649385730454,0.4953649385730454,20,0.0
1998-11-13 12:21:00+00:00,BBY,0.49342219319584046,0.49342219319584046,20,0.0
1998-11-13 12:22:00+00:00,BBY,0.49374263617398667,0.49374263617398667,20,0.0
1998-11-13 12:24:00+00:00,BBY,0.49588016674116814,0.49588016674116814,20,0.0
1998-11-13 12:25:00+00:00,BBY,0.4923538842957706,0.4923538842957706,20,0.0
1998-11-13 12:26:00+00:00,BBY,0.49366404570856615,0.49366404570856615,20,0.0
1998-11-13 12:27:00+00:00,BBY,0.4986225703012642,0.4986225703012642,20,0.0
1998-11-13 12:28:00+00:00,BBY,0.4947919436603564,0.4947919436603564,20,0.0
1998-11-13 12:30:00+00:00,BBY,0.4971647216987056,0.4971647216987056,20,0.0
1998-11-13 12:31:00+00:00,BBY,0.48601743495475125,0.48601743495475125,20,0.0
1998-11-13 12:32:00+00:00,BBY,0.4821295639156188,0.4821295639156188,20,0.0
1998-11-13 12:33:00+00:00,BBY,0.4839726432889564,0.4839726432889564,20,0.0
1998-11-13 12:35:00+00:00,BBY,0.4915471338502272,0.4915471338502272,20,0.0
1998-11-13 12:39:00+00:00,BBY,0.4860695658965122,0.4860695658965122,20,0.0
1998-11-13 12:40:00+00:00,BBY,0.5048011353300559,0.5048011353300559,20,0.0
1998-11-13 12:41:00+00:00,BBY,0.5046444539548935,0.5046444539548935,20,0.0
1998-11-13 12:42:00+00:00,BBY,0.48738365486077,0.48738365486077,20,0.0
1998-11-13 12:43:00+00:00,BBY,0.5284027396309198,0.5284027396309198,20,0.0
1998-11-13 12:45:00+00:00,BBY,0.5286576586606366,0.5286576586606366,20,0.0
1998-11-13 12:46:00+00:00,BBY,0.528315319543144,0.528315319543144,20,0.0
1998-11-13 12:47:00+00:00,BBY,0.4813478215694513,0.4813478215694513,20,0.0
1998-11-13 12:48:00+00:00,BBY,0.479755906561687,0.479755906561687,20,0.0
1998-11-13 12:49:00+00:00,BBY,0.4779973790656215,0.4779973790656215,20,0.0
1998-11-13 12:50:00+00:00,BBY,0.5085003970488619,0.5085003970488619,20,0.0
1998-11-13 12:51:00+00:00,BBY,0.4697753417118642,0.4697753417118642,20,0.0
1998-11-13 12:52:00+00:00,BBY,0.47157328073960036,0.47157328073960036,20,0.0
1998-11-13 12:58:00+00:00,BBY,0.4714278361915834,0.4714278361915834,20,0.0
1998-11-13 12:59:00+00:00,BBY,0.4763189735453509,0.4763189735453509,20,0.0
1998-11-13 13:00:00+00:00,BBY,0.47244072027039086,0.47244072027039086,20,0.0
1998-11-13 13:02:00+00:00,BBY,0.45492914588372346,0.45492914588372346,20,0.0
1998-11-13 13:03:00+00:00,BBY,0.4492870953801089,0.4492870953801089,20,0.0
1998-11-13 13:04:00+00:00,BBY,0.4558987287162152,0.4558987287162152,20,0.0
1998-11-13 13:05:00+00:00,BBY,0.45699959741830243,0.45699959741830243,20,0.0
1998-11-13 13:06:00+00:00,BBY,0.4543737329102163,0.4543737329102163,20,0.0
1998-11-13 13:07:00+00:00,BBY,0.45744284184914435,0.45744284184914435,20,0.0
1998-11-13 13:08:00+00:00,BBY,0.47164078405972626,0.47164078405972626,20,0.0
1998-11-13 13:10:00+00:00,BBY,0.46661894174696994,0.46661894174696994,20,0.0
1998-11-13 13:11:00+00:00,BBY,0.47356995524599954,0.47356995524599954,20,0.0
1998-11-13 13:12:00+00:00,BBY,0.4733562366032299,0.4733562366032299,20,0.0
1998-11-13 13:14:00+00:00,BBY,0.4612863281787753,0.4612863281787753,20,0.0
1998-11-13 13:15:00+00:00,BBY,0.4569775417111932,0.4569775417111932,20,0.0
1998-11-13 13:16:00+00:00,BBY,0.45766548282404795,0.45766548282404795,20,0.0
1998-11-13 13:18:00+00:00,BBY,0.47261404729114304,0.47261404729114304,20,0.0
1998-11-13 13:19:00+00:00,BBY,0.47740949289319307,0.47740949289319307,20,0.0
1998-11-13 13:20:00+00:00,BBY,0.46950628944510014,0.46950628944510014,20,0.0
1998-11-13 13:21:00+00:00,BBY,0.4876981775945026,0.4876981775945026,20,0.0
1998-11-13 13:23:00+00:00,BBY,0.5083854650020508,0.5083854650020508,20,0.0
1998-11-13 13:25:00+00:00,BBY,0.4943336554746903,0.4943336554746903,20,0.0
1998-11-13 13:26:00+00:00,BBY,0.49642981448898754,0.49642981448898754,20,0.0
1998-11-13 13:30:00+00:00,BBY,0.49768680972176205,0.49768680972176205,20,0.0
1998-11-13 13:31:00+00:00,BBY,0.5013260999365421,0.5013260999365421,20,0.0
1998-11-13 13:32:00+00:00,BBY,0.5040960077827542,0.5040960077827542,20,0.0
1998-11-13 13:33:00+00:00,BBY,0.5039061684410923,0.5039061684410923,20,0.0
1998-11-13 13:35:00+00:00,BBY,0.5001645596733766,0.5001645596733766,20,0.0
1998-11-13 13:37:00+00:00,BBY,0.4995469790591016,0.4995469790591016,20,0.0
1998-11-13 13:38:00+00:00,BBY,0.4975707696953012,0.4975707696953012,20,0.0
1998-11-13 13:39:00+00:00,BBY,0.49908341821381497,0.49908341821381497,20,0.0
1998-11-13 13:40:00+00:00,BBY,0.4985682319433527,0.4985682319433527,20,0.0
1998-11-13 13:41:00+00:00,BBY,0.5033220755975135,0.5033220755975135,20,0.0
1998-11-13 13:43:00+00:00,BBY,0.5065573441696637,0.5065573441696637,20,0.0
1998-11-13 13:45:00+00:00,BBY,0.5092768822073763,0.5092768822073763,20,0.0
1998-11-13 13:46:00+00:00,BBY,0.5228174133339428,0.5228174133339428,20,0.0
1998-11-13 13:47:00+00:00,BBY,0.47794731131447243,0.47794731131447243,20,0.0
1998-11-13 13:50:00+00:00,BBY,0.477426436948205,0.477426436948205,20,0.0
1998-11-13 13:51:00+00:00,BBY,0.4793848605516842,0.4793848605516842,20,0.0
1998-11-13 13:55:00+00:00,BBY,0.5105181982240915,0.5105181982240915,20,0.0
1998-11-13 13:56:00+00:00,BBY,0.5127922202135766,0.5127922202135766,20,0.0
1998-11-13 14:03:00+00:00,BBY,0.4784868341590691,0.4784868341590691,20,0.0
1998-11-13 14:05:00+00:00,BBY,0.4760226556491537,0.4760226556491537,20,0.0
1998-11-13 14:09:00+00:00,BBY,0.47082784345816575,0.47082784345816575,20,0.0
1998-11-13 14:10:00+00:00,BBY,0.47118449822718467,0.47118449822718467,20,0.0
1998-11-13 14:11:00+00:00,BBY,0.4611458756124743,0.4611458756124743,20,0.0
1998-11-13 14:12:00+00:00,BBY,0.4647674682252485,0.4647674682252485,20,0.0
1998-11-13 14:16:00+00:00,BBY,0.46726021827425246,0.46726021827425246,20,0.0
1998-11-13 14:18:00+00:00,BBY,0.4680561967786616,0.4680561967786616,20,0.0
1998-11-13 14:22:00+00:00,BBY,0.47938782541904157,0.47938782541904157,20,0.0
1998-11-13 14:25:00+00:00,BBY,0.45599583555152323,0.45599583555152323,20,0.0
1998-11-13 14:28:00+00:00,BBY,0.4747816732592218,0.4747816732592218,20,0.0
1998-11-13 14:29:00+00:00,BBY,0.4627351610250535,0.4627351610250535,20,0.0
1998-11-13 14:31:00+00:00,BBY,0.46331752630458845,0.46331752630458845,20,0.0
1998-11-13 14:32:00+00:00,BBY,0.4752094129964712,0.4752094129964712,20,0.0
1998-11-13 14:38:00+00:00,BBY,0.4687630178165304,0.4687630178165304,20,0.0
1998-11-13 14:39:00+00:00,BBY,0.4692167590235331,0.4692167590235331,20,0.0
1998-11-13 14:43:00+00:00,BBY,0.4854535874857374,0.4854535874857374,20,0.0
1998-11-13 14:44:00+00:00,BBY,0.4889894786087099,0.4889894786087099,20,0.0
1998-11-13 14:45:00+00:00,BBY,0.5099566897396427,0.5099566897396427,20,0.0
1998-11-13 14:48:00+00:00,BBY,0.48916542763788884,0.48916542763788884,20,0.0
1998-11-13 14:49:00+00:00,BBY,0.46167927682227466,0.46167927682227466,20,0.0
1998-11-13 14:50:00+00:00,BBY,0.4667188698120778,0.4667188698120778,20,0.0
1998-11-13 14:51:00+00:00,BBY,0.4623811692870796,0.4623811692870796,20,0.0
1998-11-13 14:52:00+00:00,BBY,0.4609176775298916,0.4609176775298916,20,0.0
1998-11-13 14:54:00+00:00,BBY,0.4768525387932933,0.4768525387932933,20,0.0
1998-11-13 14:55:00+00:00,BBY,0.5033772788412602,0.5033772788412602,20,0.0
1998-11-13 14:56:00+00:00,BBY,0.47281429204181785,0.47281429204181785,20,0.0
1998-11-13 14:59:00+00:00,BBY,0.4659068894005804,0.4659068894005804,20,0.0
1998-11-13 15:01:00+00:00,BBY,0.4656156712857702,0.4656156712857702,20,0.0
1998-11-13 15:03:00+00:00,BBY,0.463053586516454,0.463053586516454,20,0.0
1998-11-13 15:04:00+00:00,BBY,0.46481907897820174,0.46481907897820174,20,0.0
1998-11-13 15:07:00+00:00,BBY,0.46450580546935877,0.46450580546935877,20,0.0
1998-11-13 15:10:00+00:00,BBY,0.4662097910632272,0.4662097910632272,20,0.0
1998-11-13 15:15:00+00:00,BBY,0.4675894528736273,0.4675894528736273,20,0.0
1998-11-13 15:18:00+00:00,BBY,0.46906917514395885,0.46906917514395885,20,0.0
1998-11-13 15:21:00+00:00,BBY,0.46148505233265064,0.46148505233265064,20,0.0
1998-11-13 15:22:00+00:00,BBY,0.4629259676690526,0.4629259676690526,20,0.0
1998-11-13 15:23:00+00:00,BBY,0.46567615549326236,0.46567615549326236,20,0.0
1998-11-13 15:28:00+00:00,BBY,0.4625460845336289,0.4625460845336289,20,0.0
1998-11-13 15:31:00+00:00,BBY,0.47794650306868525,0.47794650306868525,20,0.0
1998-11-13 15:32:00+00:00,BBY,0.4824596742027731,0.4824596742027731,20,0.0
1998-11-13 15:34:00+00:00,BBY,0.4822134806259076,0.4822134806259076,20,0.0
1998-11-13 15:35:00+00:00,BBY,0.4550383221737279,0.4550383221737279,20,0.0
1998-11-13 15:36:00+00:00,BBY,0.44823620538351083,0.44823620538351083,20,0.0
1998-11-13 15:37:00+00:00,BBY,0.4576471006505455,0.4576471006505455,20,0.0
1998-11-13 15:38:00+00:00,BBY,0.4557641768532936,0.4557641768532936,20,0.0
1998-11-13 15:39:00+00:00,BBY,0.45685439102632575,0.45685439102632575,20,0.0
1998-11-13 15:40:00+00:00,BBY,0.4270993686984906,0.4270993686984906,20,0.0
1998-11-13 15:41:00+00:00,BBY,0.44775396348996627,0.44775396348996627,20,0.0
1998-11-13 15:42:00+00:00,BBY,0.46248164171032374,0.46248164171032374,20,0.0
1998-11-13 15:43:00+00:00,BBY,0.4326576031762234,0.4326576031762234,20,0.0
1998-11-13 15:44:00+00:00,BBY,0.42881085494642124,0.42881085494642124,20,0.0
1998-11-13 15:45:00+00:00,BBY,0.42974601107232313,0.42974601107232313,20,0.0
1998-11-13 15:46:00+00:00,BBY,0.47699794735927226,0.47699794735927226,20,0.0
1998-11-13 15:47:00+00:00,BBY,0.4798040798410855,0.4798040798410855,20,0.0
1998-11-13 15:48:00+00:00,BBY,0.44911502944592746,0.44911502944592746,20,0.0
1998-11-13 15:50:00+00:00,BBY,0.45527084593518363,0.45527084593518363,20,0.0
1998-11-13 15:51:00+00:00,BBY,0.5195553753208565,0.5195553753208565,20,0.0
1998-11-13 15:52:00+00:00,BBY,0.4599642249029946,0.4599642249029946,20,0.0
1998-11-13 15:53:00+00:00,BBY,0.45473442134792424,0.45473442134792424,20,0.0
1998-11-13 15:54:00+00:00,BBY,0.5249268238635879,0.5249268238635879,20,0.0
1998-11-13 15:55:00+00:00,BBY,0.5121838102381978,0.5121838102381978,20,0.0
1998-11-13 15:56:00+00:00,BBY,0.5947998757401753,0.5947998757401753,20,784.1879688390288
1998-11-13 15:57:00+00:00,BBY,0.5837720137489929,0.5837720137489929,20,591.153578617556
1998-11-13 15:58:00+00:00,BBY,0.5225112813157858,0.5225112813157858,20,0.0
1998-11-13 15:59:00+00:00,BBY,0.5148702594739384,0.5148702594739384,20,0.0
